hour,intersection_id,approach,vehicle_count
6.0,0,N,0
6.0,0,S,0
6.0,0,E,1
6.0,0,W,0
6.0,1,N,1
6.0,1,S,0
6.0,1,E,0
6.0,1,W,0
6.0,2,N,0
6.0,2,S,0
6.0,2,E,0
6.0,2,W,0
6.0,3,N,1
6.0,3,S,0
6.0,3,E,0
6.0,3,W,0
6.0,4,N,0
6.0,4,S,1
6.0,4,E,0
6.0,4,W,0
6.0,5,N,1
6.0,5,S,0
6.0,5,E,1
6.0,5,W,0
6.0,6,N,0
6.0,6,S,1
6.0,6,E,0
6.0,6,W,0
6.0,7,N,0
6.0,7,S,0
6.0,7,E,0
6.0,7,W,0
6.0,8,N,0
6.0,8,S,0
6.0,8,E,0
6.0,8,W,1
6.0,9,N,0
6.0,9,S,1
6.0,9,E,0
6.0,9,W,0
6.0,10,N,2
6.0,10,S,2
6.0,10,E,1
6.0,10,W,0
6.0,11,N,1
6.0,11,S,0
6.0,11,E,0
6.0,11,W,0
6.083,0,N,0
6.083,0,S,0
6.083,0,E,1
6.083,0,W,0
6.083,1,N,0
6.083,1,S,0
6.083,1,E,0
6.083,1,W,0
6.083,2,N,0
6.083,2,S,0
6.083,2,E,0
6.083,2,W,0
6.083,3,N,0
6.083,3,S,0
6.083,3,E,0
6.083,3,W,0
6.083,4,N,1
6.083,4,S,0
6.083,4,E,0
6.083,4,W,0
6.083,5,N,0
6.083,5,S,1
6.083,5,E,0
6.083,5,W,0
6.083,6,N,1
6.083,6,S,0
6.083,6,E,1
6.083,6,W,1
6.083,7,N,1
6.083,7,S,2
6.083,7,E,0
6.083,7,W,0
6.083,8,N,0
6.083,8,S,1
6.083,8,E,0
6.083,8,W,0
6.083,9,N,1
6.083,9,S,0
6.083,9,E,0
6.083,9,W,0
6.083,10,N,0
6.083,10,S,0
6.083,10,E,0
6.083,10,W,0
6.083,11,N,0
6.083,11,S,0
6.083,11,E,0
6.083,11,W,0
6.167,0,N,1
6.167,0,S,0
6.167,0,E,1
6.167,0,W,0
6.167,1,N,0
6.167,1,S,0
6.167,1,E,1
6.167,1,W,0
6.167,2,N,0
6.167,2,S,0
6.167,2,E,1
6.167,2,W,0
6.167,3,N,1
6.167,3,S,0
6.167,3,E,2
6.167,3,W,1
6.167,4,N,1
6.167,4,S,1
6.167,4,E,0
6.167,4,W,0
6.167,5,N,0
6.167,5,S,1
6.167,5,E,2
6.167,5,W,2
6.167,6,N,1
6.167,6,S,0
6.167,6,E,1
6.167,6,W,0
6.167,7,N,0
6.167,7,S,0
6.167,7,E,0
6.167,7,W,0
6.167,8,N,1
6.167,8,S,0
6.167,8,E,1
6.167,8,W,1
6.167,9,N,0
6.167,9,S,0
6.167,9,E,0
6.167,9,W,0
6.167,10,N,1
6.167,10,S,1
6.167,10,E,0
6.167,10,W,0
6.167,11,N,0
6.167,11,S,0
6.167,11,E,0
6.167,11,W,1
6.25,0,N,0
6.25,0,S,0
6.25,0,E,0
6.25,0,W,0
6.25,1,N,0
6.25,1,S,0
6.25,1,E,1
6.25,1,W,0
6.25,2,N,0
6.25,2,S,1
6.25,2,E,1
6.25,2,W,0
6.25,3,N,0
6.25,3,S,0
6.25,3,E,0
6.25,3,W,0
6.25,4,N,0
6.25,4,S,0
6.25,4,E,0
6.25,4,W,0
6.25,5,N,0
6.25,5,S,0
6.25,5,E,1
6.25,5,W,1
6.25,6,N,1
6.25,6,S,1
6.25,6,E,0
6.25,6,W,0
6.25,7,N,1
6.25,7,S,0
6.25,7,E,0
6.25,7,W,0
6.25,8,N,1
6.25,8,S,0
6.25,8,E,1
6.25,8,W,0
6.25,9,N,0
6.25,9,S,1
6.25,9,E,0
6.25,9,W,1
6.25,10,N,0
6.25,10,S,0
6.25,10,E,0
6.25,10,W,0
6.25,11,N,0
6.25,11,S,0
6.25,11,E,1
6.25,11,W,1
6.333,0,N,0
6.333,0,S,0
6.333,0,E,0
6.333,0,W,0
6.333,1,N,1
6.333,1,S,2
6.333,1,E,0
6.333,1,W,0
6.333,2,N,0
6.333,2,S,1
6.333,2,E,0
6.333,2,W,0
6.333,3,N,1
6.333,3,S,0
6.333,3,E,0
6.333,3,W,0
6.333,4,N,0
6.333,4,S,0
6.333,4,E,0
6.333,4,W,0
6.333,5,N,0
6.333,5,S,0
6.333,5,E,1
6.333,5,W,0
6.333,6,N,1
6.333,6,S,0
6.333,6,E,3
6.333,6,W,1
6.333,7,N,1
6.333,7,S,0
6.333,7,E,0
6.333,7,W,0
6.333,8,N,0
6.333,8,S,0
6.333,8,E,0
6.333,8,W,2
6.333,9,N,0
6.333,9,S,0
6.333,9,E,0
6.333,9,W,1
6.333,10,N,0
6.333,10,S,0
6.333,10,E,0
6.333,10,W,1
6.333,11,N,0
6.333,11,S,0
6.333,11,E,1
6.333,11,W,0
6.417,0,N,1
6.417,0,S,0
6.417,0,E,0
6.417,0,W,1
6.417,1,N,0
6.417,1,S,0
6.417,1,E,0
6.417,1,W,0
6.417,2,N,0
6.417,2,S,0
6.417,2,E,0
6.417,2,W,1
6.417,3,N,0
6.417,3,S,1
6.417,3,E,0
6.417,3,W,0
6.417,4,N,0
6.417,4,S,0
6.417,4,E,0
6.417,4,W,0
6.417,5,N,0
6.417,5,S,0
6.417,5,E,0
6.417,5,W,0
6.417,6,N,0
6.417,6,S,0
6.417,6,E,0
6.417,6,W,1
6.417,7,N,0
6.417,7,S,1
6.417,7,E,0
6.417,7,W,1
6.417,8,N,0
6.417,8,S,0
6.417,8,E,0
6.417,8,W,0
6.417,9,N,0
6.417,9,S,1
6.417,9,E,0
6.417,9,W,0
6.417,10,N,0
6.417,10,S,0
6.417,10,E,0
6.417,10,W,1
6.417,11,N,0
6.417,11,S,1
6.417,11,E,0
6.417,11,W,0
6.5,0,N,0
6.5,0,S,0
6.5,0,E,0
6.5,0,W,0
6.5,1,N,0
6.5,1,S,0
6.5,1,E,1
6.5,1,W,1
6.5,2,N,0
6.5,2,S,2
6.5,2,E,0
6.5,2,W,1
6.5,3,N,1
6.5,3,S,0
6.5,3,E,0
6.5,3,W,0
6.5,4,N,0
6.5,4,S,0
6.5,4,E,0
6.5,4,W,0
6.5,5,N,0
6.5,5,S,1
6.5,5,E,1
6.5,5,W,0
6.5,6,N,0
6.5,6,S,1
6.5,6,E,0
6.5,6,W,1
6.5,7,N,0
6.5,7,S,0
6.5,7,E,0
6.5,7,W,1
6.5,8,N,0
6.5,8,S,0
6.5,8,E,1
6.5,8,W,0
6.5,9,N,1
6.5,9,S,0
6.5,9,E,0
6.5,9,W,1
6.5,10,N,0
6.5,10,S,1
6.5,10,E,0
6.5,10,W,1
6.5,11,N,0
6.5,11,S,1
6.5,11,E,0
6.5,11,W,0
6.583,0,N,0
6.583,0,S,1
6.583,0,E,0
6.583,0,W,0
6.583,1,N,0
6.583,1,S,0
6.583,1,E,0
6.583,1,W,0
6.583,2,N,0
6.583,2,S,2
6.583,2,E,0
6.583,2,W,0
6.583,3,N,0
6.583,3,S,0
6.583,3,E,0
6.583,3,W,0
6.583,4,N,0
6.583,4,S,1
6.583,4,E,0
6.583,4,W,0
6.583,5,N,0
6.583,5,S,0
6.583,5,E,1
6.583,5,W,1
6.583,6,N,0
6.583,6,S,0
6.583,6,E,0
6.583,6,W,0
6.583,7,N,0
6.583,7,S,0
6.583,7,E,2
6.583,7,W,0
6.583,8,N,1
6.583,8,S,0
6.583,8,E,0
6.583,8,W,0
6.583,9,N,0
6.583,9,S,0
6.583,9,E,1
6.583,9,W,0
6.583,10,N,1
6.583,10,S,0
6.583,10,E,0
6.583,10,W,1
6.583,11,N,1
6.583,11,S,1
6.583,11,E,0
6.583,11,W,0
6.667,0,N,0
6.667,0,S,0
6.667,0,E,0
6.667,0,W,0
6.667,1,N,0
6.667,1,S,1
6.667,1,E,0
6.667,1,W,1
6.667,2,N,0
6.667,2,S,1
6.667,2,E,0
6.667,2,W,0
6.667,3,N,0
6.667,3,S,0
6.667,3,E,0
6.667,3,W,0
6.667,4,N,0
6.667,4,S,1
6.667,4,E,0
6.667,4,W,0
6.667,5,N,0
6.667,5,S,0
6.667,5,E,0
6.667,5,W,1
6.667,6,N,0
6.667,6,S,0
6.667,6,E,0
6.667,6,W,0
6.667,7,N,0
6.667,7,S,0
6.667,7,E,0
6.667,7,W,0
6.667,8,N,0
6.667,8,S,0
6.667,8,E,0
6.667,8,W,0
6.667,9,N,1
6.667,9,S,0
6.667,9,E,0
6.667,9,W,1
6.667,10,N,1
6.667,10,S,2
6.667,10,E,0
6.667,10,W,0
6.667,11,N,0
6.667,11,S,0
6.667,11,E,0
6.667,11,W,0
6.75,0,N,0
6.75,0,S,0
6.75,0,E,0
6.75,0,W,0
6.75,1,N,0
6.75,1,S,0
6.75,1,E,0
6.75,1,W,0
6.75,2,N,0
6.75,2,S,0
6.75,2,E,0
6.75,2,W,1
6.75,3,N,0
6.75,3,S,1
6.75,3,E,0
6.75,3,W,0
6.75,4,N,0
6.75,4,S,1
6.75,4,E,0
6.75,4,W,0
6.75,5,N,0
6.75,5,S,0
6.75,5,E,0
6.75,5,W,0
6.75,6,N,0
6.75,6,S,0
6.75,6,E,0
6.75,6,W,1
6.75,7,N,0
6.75,7,S,0
6.75,7,E,0
6.75,7,W,1
6.75,8,N,2
6.75,8,S,0
6.75,8,E,2
6.75,8,W,0
6.75,9,N,0
6.75,9,S,1
6.75,9,E,0
6.75,9,W,0
6.75,10,N,0
6.75,10,S,0
6.75,10,E,0
6.75,10,W,0
6.75,11,N,0
6.75,11,S,0
6.75,11,E,0
6.75,11,W,0
6.833,0,N,0
6.833,0,S,1
6.833,0,E,0
6.833,0,W,0
6.833,1,N,0
6.833,1,S,1
6.833,1,E,0
6.833,1,W,0
6.833,2,N,0
6.833,2,S,0
6.833,2,E,1
6.833,2,W,0
6.833,3,N,1
6.833,3,S,2
6.833,3,E,0
6.833,3,W,2
6.833,4,N,1
6.833,4,S,1
6.833,4,E,0
6.833,4,W,0
6.833,5,N,0
6.833,5,S,0
6.833,5,E,0
6.833,5,W,0
6.833,6,N,0
6.833,6,S,0
6.833,6,E,1
6.833,6,W,1
6.833,7,N,0
6.833,7,S,3
6.833,7,E,0
6.833,7,W,0
6.833,8,N,0
6.833,8,S,0
6.833,8,E,0
6.833,8,W,0
6.833,9,N,1
6.833,9,S,0
6.833,9,E,1
6.833,9,W,0
6.833,10,N,0
6.833,10,S,0
6.833,10,E,0
6.833,10,W,1
6.833,11,N,0
6.833,11,S,0
6.833,11,E,1
6.833,11,W,0
6.917,0,N,0
6.917,0,S,0
6.917,0,E,0
6.917,0,W,0
6.917,1,N,1
6.917,1,S,0
6.917,1,E,0
6.917,1,W,0
6.917,2,N,2
6.917,2,S,0
6.917,2,E,0
6.917,2,W,1
6.917,3,N,0
6.917,3,S,1
6.917,3,E,0
6.917,3,W,1
6.917,4,N,0
6.917,4,S,0
6.917,4,E,2
6.917,4,W,1
6.917,5,N,0
6.917,5,S,0
6.917,5,E,1
6.917,5,W,0
6.917,6,N,0
6.917,6,S,0
6.917,6,E,0
6.917,6,W,1
6.917,7,N,0
6.917,7,S,0
6.917,7,E,1
6.917,7,W,0
6.917,8,N,1
6.917,8,S,0
6.917,8,E,2
6.917,8,W,0
6.917,9,N,0
6.917,9,S,0
6.917,9,E,0
6.917,9,W,0
6.917,10,N,0
6.917,10,S,0
6.917,10,E,0
6.917,10,W,0
6.917,11,N,0
6.917,11,S,0
6.917,11,E,0
6.917,11,W,0
7.0,0,N,0
7.0,0,S,0
7.0,0,E,0
7.0,0,W,0
7.0,1,N,1
7.0,1,S,0
7.0,1,E,0
7.0,1,W,1
7.0,2,N,1
7.0,2,S,0
7.0,2,E,0
7.0,2,W,0
7.0,3,N,0
7.0,3,S,1
7.0,3,E,0
7.0,3,W,0
7.0,4,N,3
7.0,4,S,1
7.0,4,E,0
7.0,4,W,0
7.0,5,N,1
7.0,5,S,0
7.0,5,E,0
7.0,5,W,3
7.0,6,N,0
7.0,6,S,1
7.0,6,E,0
7.0,6,W,1
7.0,7,N,3
7.0,7,S,0
7.0,7,E,0
7.0,7,W,1
7.0,8,N,0
7.0,8,S,2
7.0,8,E,2
7.0,8,W,0
7.0,9,N,2
7.0,9,S,1
7.0,9,E,0
7.0,9,W,0
7.0,10,N,0
7.0,10,S,0
7.0,10,E,0
7.0,10,W,0
7.0,11,N,0
7.0,11,S,1
7.0,11,E,0
7.0,11,W,0
7.083,0,N,1
7.083,0,S,0
7.083,0,E,0
7.083,0,W,0
7.083,1,N,0
7.083,1,S,2
7.083,1,E,1
7.083,1,W,0
7.083,2,N,0
7.083,2,S,0
7.083,2,E,1
7.083,2,W,0
7.083,3,N,1
7.083,3,S,0
7.083,3,E,0
7.083,3,W,1
7.083,4,N,1
7.083,4,S,0
7.083,4,E,0
7.083,4,W,2
7.083,5,N,0
7.083,5,S,0
7.083,5,E,0
7.083,5,W,1
7.083,6,N,0
7.083,6,S,1
7.083,6,E,1
7.083,6,W,0
7.083,7,N,1
7.083,7,S,0
7.083,7,E,2
7.083,7,W,1
7.083,8,N,0
7.083,8,S,0
7.083,8,E,1
7.083,8,W,0
7.083,9,N,0
7.083,9,S,1
7.083,9,E,0
7.083,9,W,1
7.083,10,N,0
7.083,10,S,0
7.083,10,E,1
7.083,10,W,0
7.083,11,N,1
7.083,11,S,0
7.083,11,E,0
7.083,11,W,0
7.167,0,N,1
7.167,0,S,1
7.167,0,E,0
7.167,0,W,0
7.167,1,N,0
7.167,1,S,0
7.167,1,E,1
7.167,1,W,0
7.167,2,N,0
7.167,2,S,0
7.167,2,E,1
7.167,2,W,1
7.167,3,N,2
7.167,3,S,1
7.167,3,E,1
7.167,3,W,0
7.167,4,N,3
7.167,4,S,0
7.167,4,E,0
7.167,4,W,1
7.167,5,N,0
7.167,5,S,0
7.167,5,E,0
7.167,5,W,0
7.167,6,N,0
7.167,6,S,0
7.167,6,E,1
7.167,6,W,0
7.167,7,N,0
7.167,7,S,1
7.167,7,E,1
7.167,7,W,2
7.167,8,N,0
7.167,8,S,0
7.167,8,E,0
7.167,8,W,0
7.167,9,N,3
7.167,9,S,1
7.167,9,E,1
7.167,9,W,2
7.167,10,N,0
7.167,10,S,0
7.167,10,E,0
7.167,10,W,0
7.167,11,N,0
7.167,11,S,0
7.167,11,E,0
7.167,11,W,0
7.25,0,N,0
7.25,0,S,0
7.25,0,E,1
7.25,0,W,1
7.25,1,N,0
7.25,1,S,0
7.25,1,E,0
7.25,1,W,0
7.25,2,N,0
7.25,2,S,1
7.25,2,E,1
7.25,2,W,1
7.25,3,N,1
7.25,3,S,1
7.25,3,E,0
7.25,3,W,0
7.25,4,N,0
7.25,4,S,1
7.25,4,E,1
7.25,4,W,0
7.25,5,N,0
7.25,5,S,0
7.25,5,E,0
7.25,5,W,2
7.25,6,N,0
7.25,6,S,0
7.25,6,E,0
7.25,6,W,1
7.25,7,N,1
7.25,7,S,0
7.25,7,E,2
7.25,7,W,0
7.25,8,N,0
7.25,8,S,0
7.25,8,E,0
7.25,8,W,1
7.25,9,N,1
7.25,9,S,1
7.25,9,E,0
7.25,9,W,0
7.25,10,N,0
7.25,10,S,1
7.25,10,E,0
7.25,10,W,0
7.25,11,N,1
7.25,11,S,0
7.25,11,E,0
7.25,11,W,0
7.333,0,N,0
7.333,0,S,0
7.333,0,E,1
7.333,0,W,1
7.333,1,N,0
7.333,1,S,0
7.333,1,E,1
7.333,1,W,1
7.333,2,N,0
7.333,2,S,0
7.333,2,E,1
7.333,2,W,0
7.333,3,N,0
7.333,3,S,1
7.333,3,E,0
7.333,3,W,1
7.333,4,N,0
7.333,4,S,0
7.333,4,E,1
7.333,4,W,0
7.333,5,N,0
7.333,5,S,0
7.333,5,E,2
7.333,5,W,0
7.333,6,N,0
7.333,6,S,0
7.333,6,E,1
7.333,6,W,0
7.333,7,N,1
7.333,7,S,0
7.333,7,E,0
7.333,7,W,1
7.333,8,N,0
7.333,8,S,0
7.333,8,E,0
7.333,8,W,1
7.333,9,N,0
7.333,9,S,0
7.333,9,E,0
7.333,9,W,0
7.333,10,N,0
7.333,10,S,0
7.333,10,E,0
7.333,10,W,0
7.333,11,N,2
7.333,11,S,2
7.333,11,E,0
7.333,11,W,1
7.417,0,N,0
7.417,0,S,0
7.417,0,E,0
7.417,0,W,0
7.417,1,N,2
7.417,1,S,1
7.417,1,E,0
7.417,1,W,2
7.417,2,N,0
7.417,2,S,1
7.417,2,E,0
7.417,2,W,1
7.417,3,N,1
7.417,3,S,1
7.417,3,E,1
7.417,3,W,1
7.417,4,N,0
7.417,4,S,1
7.417,4,E,0
7.417,4,W,2
7.417,5,N,1
7.417,5,S,0
7.417,5,E,0
7.417,5,W,0
7.417,6,N,0
7.417,6,S,0
7.417,6,E,0
7.417,6,W,2
7.417,7,N,0
7.417,7,S,0
7.417,7,E,1
7.417,7,W,1
7.417,8,N,0
7.417,8,S,1
7.417,8,E,0
7.417,8,W,0
7.417,9,N,0
7.417,9,S,0
7.417,9,E,2
7.417,9,W,0
7.417,10,N,0
7.417,10,S,0
7.417,10,E,1
7.417,10,W,1
7.417,11,N,0
7.417,11,S,1
7.417,11,E,0
7.417,11,W,0
7.5,0,N,0
7.5,0,S,0
7.5,0,E,0
7.5,0,W,0
7.5,1,N,1
7.5,1,S,2
7.5,1,E,0
7.5,1,W,1
7.5,2,N,0
7.5,2,S,0
7.5,2,E,1
7.5,2,W,0
7.5,3,N,1
7.5,3,S,2
7.5,3,E,0
7.5,3,W,1
7.5,4,N,0
7.5,4,S,0
7.5,4,E,0
7.5,4,W,1
7.5,5,N,0
7.5,5,S,1
7.5,5,E,1
7.5,5,W,0
7.5,6,N,0
7.5,6,S,0
7.5,6,E,0
7.5,6,W,0
7.5,7,N,2
7.5,7,S,1
7.5,7,E,0
7.5,7,W,0
7.5,8,N,0
7.5,8,S,0
7.5,8,E,0
7.5,8,W,0
7.5,9,N,1
7.5,9,S,1
7.5,9,E,0
7.5,9,W,1
7.5,10,N,2
7.5,10,S,2
7.5,10,E,1
7.5,10,W,1
7.5,11,N,0
7.5,11,S,2
7.5,11,E,0
7.5,11,W,0
7.583,0,N,0
7.583,0,S,0
7.583,0,E,0
7.583,0,W,0
7.583,1,N,1
7.583,1,S,3
7.583,1,E,1
7.583,1,W,0
7.583,2,N,0
7.583,2,S,1
7.583,2,E,0
7.583,2,W,0
7.583,3,N,1
7.583,3,S,0
7.583,3,E,1
7.583,3,W,0
7.583,4,N,0
7.583,4,S,0
7.583,4,E,1
7.583,4,W,0
7.583,5,N,1
7.583,5,S,2
7.583,5,E,0
7.583,5,W,0
7.583,6,N,1
7.583,6,S,0
7.583,6,E,0
7.583,6,W,0
7.583,7,N,0
7.583,7,S,0
7.583,7,E,1
7.583,7,W,0
7.583,8,N,1
7.583,8,S,0
7.583,8,E,0
7.583,8,W,0
7.583,9,N,0
7.583,9,S,1
7.583,9,E,1
7.583,9,W,0
7.583,10,N,2
7.583,10,S,0
7.583,10,E,0
7.583,10,W,1
7.583,11,N,0
7.583,11,S,1
7.583,11,E,1
7.583,11,W,0
7.667,0,N,1
7.667,0,S,1
7.667,0,E,1
7.667,0,W,2
7.667,1,N,1
7.667,1,S,0
7.667,1,E,0
7.667,1,W,1
7.667,2,N,0
7.667,2,S,1
7.667,2,E,1
7.667,2,W,1
7.667,3,N,0
7.667,3,S,1
7.667,3,E,0
7.667,3,W,0
7.667,4,N,0
7.667,4,S,0
7.667,4,E,1
7.667,4,W,0
7.667,5,N,1
7.667,5,S,1
7.667,5,E,0
7.667,5,W,0
7.667,6,N,0
7.667,6,S,0
7.667,6,E,1
7.667,6,W,0
7.667,7,N,0
7.667,7,S,0
7.667,7,E,1
7.667,7,W,0
7.667,8,N,2
7.667,8,S,0
7.667,8,E,0
7.667,8,W,1
7.667,9,N,0
7.667,9,S,0
7.667,9,E,3
7.667,9,W,2
7.667,10,N,1
7.667,10,S,0
7.667,10,E,0
7.667,10,W,2
7.667,11,N,1
7.667,11,S,0
7.667,11,E,0
7.667,11,W,1
7.75,0,N,1
7.75,0,S,0
7.75,0,E,0
7.75,0,W,0
7.75,1,N,1
7.75,1,S,0
7.75,1,E,0
7.75,1,W,1
7.75,2,N,1
7.75,2,S,1
7.75,2,E,3
7.75,2,W,1
7.75,3,N,0
7.75,3,S,0
7.75,3,E,1
7.75,3,W,0
7.75,4,N,3
7.75,4,S,0
7.75,4,E,1
7.75,4,W,2
7.75,5,N,1
7.75,5,S,0
7.75,5,E,0
7.75,5,W,0
7.75,6,N,0
7.75,6,S,0
7.75,6,E,0
7.75,6,W,0
7.75,7,N,1
7.75,7,S,0
7.75,7,E,0
7.75,7,W,2
7.75,8,N,0
7.75,8,S,0
7.75,8,E,0
7.75,8,W,0
7.75,9,N,0
7.75,9,S,1
7.75,9,E,0
7.75,9,W,0
7.75,10,N,1
7.75,10,S,0
7.75,10,E,1
7.75,10,W,1
7.75,11,N,1
7.75,11,S,3
7.75,11,E,0
7.75,11,W,0
7.833,0,N,0
7.833,0,S,0
7.833,0,E,0
7.833,0,W,2
7.833,1,N,0
7.833,1,S,0
7.833,1,E,0
7.833,1,W,0
7.833,2,N,1
7.833,2,S,0
7.833,2,E,1
7.833,2,W,0
7.833,3,N,0
7.833,3,S,1
7.833,3,E,1
7.833,3,W,0
7.833,4,N,1
7.833,4,S,0
7.833,4,E,0
7.833,4,W,0
7.833,5,N,0
7.833,5,S,0
7.833,5,E,0
7.833,5,W,1
7.833,6,N,0
7.833,6,S,0
7.833,6,E,0
7.833,6,W,0
7.833,7,N,0
7.833,7,S,0
7.833,7,E,2
7.833,7,W,0
7.833,8,N,2
7.833,8,S,1
7.833,8,E,3
7.833,8,W,1
7.833,9,N,0
7.833,9,S,1
7.833,9,E,1
7.833,9,W,0
7.833,10,N,0
7.833,10,S,1
7.833,10,E,0
7.833,10,W,1
7.833,11,N,2
7.833,11,S,0
7.833,11,E,0
7.833,11,W,1
7.917,0,N,1
7.917,0,S,0
7.917,0,E,0
7.917,0,W,0
7.917,1,N,0
7.917,1,S,1
7.917,1,E,0
7.917,1,W,0
7.917,2,N,0
7.917,2,S,1
7.917,2,E,0
7.917,2,W,0
7.917,3,N,0
7.917,3,S,0
7.917,3,E,0
7.917,3,W,1
7.917,4,N,0
7.917,4,S,0
7.917,4,E,0
7.917,4,W,0
7.917,5,N,0
7.917,5,S,0
7.917,5,E,0
7.917,5,W,0
7.917,6,N,0
7.917,6,S,0
7.917,6,E,0
7.917,6,W,0
7.917,7,N,0
7.917,7,S,1
7.917,7,E,0
7.917,7,W,1
7.917,8,N,1
7.917,8,S,2
7.917,8,E,0
7.917,8,W,1
7.917,9,N,0
7.917,9,S,0
7.917,9,E,0
7.917,9,W,0
7.917,10,N,1
7.917,10,S,0
7.917,10,E,0
7.917,10,W,1
7.917,11,N,1
7.917,11,S,1
7.917,11,E,1
7.917,11,W,0
8.0,0,N,0
8.0,0,S,1
8.0,0,E,0
8.0,0,W,0
8.0,1,N,0
8.0,1,S,1
8.0,1,E,2
8.0,1,W,0
8.0,2,N,0
8.0,2,S,0
8.0,2,E,0
8.0,2,W,1
8.0,3,N,1
8.0,3,S,0
8.0,3,E,0
8.0,3,W,2
8.0,4,N,0
8.0,4,S,0
8.0,4,E,0
8.0,4,W,1
8.0,5,N,2
8.0,5,S,1
8.0,5,E,1
8.0,5,W,1
8.0,6,N,0
8.0,6,S,1
8.0,6,E,1
8.0,6,W,1
8.0,7,N,0
8.0,7,S,3
8.0,7,E,0
8.0,7,W,0
8.0,8,N,0
8.0,8,S,2
8.0,8,E,1
8.0,8,W,1
8.0,9,N,2
8.0,9,S,1
8.0,9,E,2
8.0,9,W,0
8.0,10,N,0
8.0,10,S,1
8.0,10,E,0
8.0,10,W,0
8.0,11,N,1
8.0,11,S,1
8.0,11,E,2
8.0,11,W,0
8.083,0,N,1
8.083,0,S,1
8.083,0,E,0
8.083,0,W,1
8.083,1,N,1
8.083,1,S,2
8.083,1,E,1
8.083,1,W,2
8.083,2,N,0
8.083,2,S,0
8.083,2,E,1
8.083,2,W,2
8.083,3,N,0
8.083,3,S,0
8.083,3,E,1
8.083,3,W,0
8.083,4,N,0
8.083,4,S,0
8.083,4,E,0
8.083,4,W,0
8.083,5,N,2
8.083,5,S,0
8.083,5,E,0
8.083,5,W,0
8.083,6,N,0
8.083,6,S,0
8.083,6,E,0
8.083,6,W,1
8.083,7,N,0
8.083,7,S,1
8.083,7,E,0
8.083,7,W,0
8.083,8,N,2
8.083,8,S,1
8.083,8,E,0
8.083,8,W,0
8.083,9,N,0
8.083,9,S,1
8.083,9,E,2
8.083,9,W,1
8.083,10,N,0
8.083,10,S,0
8.083,10,E,0
8.083,10,W,1
8.083,11,N,0
8.083,11,S,1
8.083,11,E,1
8.083,11,W,1
8.167,0,N,0
8.167,0,S,1
8.167,0,E,1
8.167,0,W,0
8.167,1,N,1
8.167,1,S,0
8.167,1,E,1
8.167,1,W,0
8.167,2,N,3
8.167,2,S,0
8.167,2,E,0
8.167,2,W,0
8.167,3,N,1
8.167,3,S,2
8.167,3,E,0
8.167,3,W,1
8.167,4,N,2
8.167,4,S,0
8.167,4,E,0
8.167,4,W,0
8.167,5,N,0
8.167,5,S,1
8.167,5,E,0
8.167,5,W,2
8.167,6,N,0
8.167,6,S,0
8.167,6,E,0
8.167,6,W,0
8.167,7,N,0
8.167,7,S,0
8.167,7,E,0
8.167,7,W,1
8.167,8,N,0
8.167,8,S,0
8.167,8,E,0
8.167,8,W,0
8.167,9,N,0
8.167,9,S,2
8.167,9,E,1
8.167,9,W,0
8.167,10,N,2
8.167,10,S,1
8.167,10,E,0
8.167,10,W,1
8.167,11,N,0
8.167,11,S,0
8.167,11,E,0
8.167,11,W,2
8.25,0,N,0
8.25,0,S,0
8.25,0,E,1
8.25,0,W,0
8.25,1,N,1
8.25,1,S,0
8.25,1,E,2
8.25,1,W,0
8.25,2,N,1
8.25,2,S,1
8.25,2,E,0
8.25,2,W,2
8.25,3,N,1
8.25,3,S,0
8.25,3,E,0
8.25,3,W,0
8.25,4,N,0
8.25,4,S,1
8.25,4,E,1
8.25,4,W,0
8.25,5,N,0
8.25,5,S,0
8.25,5,E,0
8.25,5,W,0
8.25,6,N,0
8.25,6,S,1
8.25,6,E,1
8.25,6,W,0
8.25,7,N,0
8.25,7,S,1
8.25,7,E,0
8.25,7,W,0
8.25,8,N,0
8.25,8,S,1
8.25,8,E,0
8.25,8,W,2
8.25,9,N,0
8.25,9,S,0
8.25,9,E,0
8.25,9,W,1
8.25,10,N,0
8.25,10,S,1
8.25,10,E,1
8.25,10,W,0
8.25,11,N,0
8.25,11,S,0
8.25,11,E,0
8.25,11,W,0
8.333,0,N,0
8.333,0,S,0
8.333,0,E,1
8.333,0,W,0
8.333,1,N,0
8.333,1,S,1
8.333,1,E,0
8.333,1,W,0
8.333,2,N,1
8.333,2,S,0
8.333,2,E,0
8.333,2,W,1
8.333,3,N,0
8.333,3,S,0
8.333,3,E,3
8.333,3,W,0
8.333,4,N,0
8.333,4,S,0
8.333,4,E,0
8.333,4,W,0
8.333,5,N,1
8.333,5,S,0
8.333,5,E,2
8.333,5,W,0
8.333,6,N,1
8.333,6,S,0
8.333,6,E,1
8.333,6,W,0
8.333,7,N,0
8.333,7,S,0
8.333,7,E,0
8.333,7,W,0
8.333,8,N,0
8.333,8,S,1
8.333,8,E,0
8.333,8,W,0
8.333,9,N,1
8.333,9,S,5
8.333,9,E,0
8.333,9,W,0
8.333,10,N,1
8.333,10,S,0
8.333,10,E,0
8.333,10,W,0
8.333,11,N,0
8.333,11,S,1
8.333,11,E,0
8.333,11,W,0
8.417,0,N,2
8.417,0,S,3
8.417,0,E,0
8.417,0,W,0
8.417,1,N,2
8.417,1,S,1
8.417,1,E,2
8.417,1,W,0
8.417,2,N,0
8.417,2,S,2
8.417,2,E,0
8.417,2,W,2
8.417,3,N,0
8.417,3,S,0
8.417,3,E,0
8.417,3,W,0
8.417,4,N,1
8.417,4,S,0
8.417,4,E,1
8.417,4,W,2
8.417,5,N,2
8.417,5,S,2
8.417,5,E,0
8.417,5,W,0
8.417,6,N,0
8.417,6,S,1
8.417,6,E,0
8.417,6,W,0
8.417,7,N,0
8.417,7,S,0
8.417,7,E,0
8.417,7,W,1
8.417,8,N,0
8.417,8,S,1
8.417,8,E,1
8.417,8,W,2
8.417,9,N,0
8.417,9,S,1
8.417,9,E,2
8.417,9,W,1
8.417,10,N,1
8.417,10,S,3
8.417,10,E,1
8.417,10,W,3
8.417,11,N,0
8.417,11,S,0
8.417,11,E,0
8.417,11,W,0
8.5,0,N,0
8.5,0,S,0
8.5,0,E,1
8.5,0,W,0
8.5,1,N,2
8.5,1,S,1
8.5,1,E,0
8.5,1,W,1
8.5,2,N,1
8.5,2,S,0
8.5,2,E,1
8.5,2,W,0
8.5,3,N,1
8.5,3,S,1
8.5,3,E,0
8.5,3,W,0
8.5,4,N,0
8.5,4,S,1
8.5,4,E,1
8.5,4,W,1
8.5,5,N,1
8.5,5,S,0
8.5,5,E,0
8.5,5,W,0
8.5,6,N,0
8.5,6,S,1
8.5,6,E,0
8.5,6,W,1
8.5,7,N,0
8.5,7,S,0
8.5,7,E,2
8.5,7,W,0
8.5,8,N,1
8.5,8,S,2
8.5,8,E,1
8.5,8,W,1
8.5,9,N,0
8.5,9,S,0
8.5,9,E,0
8.5,9,W,0
8.5,10,N,0
8.5,10,S,0
8.5,10,E,0
8.5,10,W,0
8.5,11,N,1
8.5,11,S,2
8.5,11,E,0
8.5,11,W,1
8.583,0,N,0
8.583,0,S,1
8.583,0,E,0
8.583,0,W,0
8.583,1,N,1
8.583,1,S,1
8.583,1,E,1
8.583,1,W,0
8.583,2,N,0
8.583,2,S,0
8.583,2,E,2
8.583,2,W,1
8.583,3,N,0
8.583,3,S,1
8.583,3,E,0
8.583,3,W,0
8.583,4,N,0
8.583,4,S,1
8.583,4,E,0
8.583,4,W,0
8.583,5,N,0
8.583,5,S,0
8.583,5,E,0
8.583,5,W,0
8.583,6,N,0
8.583,6,S,1
8.583,6,E,0
8.583,6,W,0
8.583,7,N,1
8.583,7,S,0
8.583,7,E,0
8.583,7,W,0
8.583,8,N,1
8.583,8,S,0
8.583,8,E,1
8.583,8,W,0
8.583,9,N,1
8.583,9,S,2
8.583,9,E,0
8.583,9,W,0
8.583,10,N,0
8.583,10,S,1
8.583,10,E,0
8.583,10,W,0
8.583,11,N,1
8.583,11,S,1
8.583,11,E,0
8.583,11,W,1
8.667,0,N,0
8.667,0,S,1
8.667,0,E,1
8.667,0,W,1
8.667,1,N,1
8.667,1,S,1
8.667,1,E,0
8.667,1,W,1
8.667,2,N,1
8.667,2,S,1
8.667,2,E,1
8.667,2,W,1
8.667,3,N,1
8.667,3,S,0
8.667,3,E,0
8.667,3,W,0
8.667,4,N,0
8.667,4,S,1
8.667,4,E,0
8.667,4,W,1
8.667,5,N,0
8.667,5,S,0
8.667,5,E,2
8.667,5,W,0
8.667,6,N,2
8.667,6,S,0
8.667,6,E,1
8.667,6,W,0
8.667,7,N,0
8.667,7,S,0
8.667,7,E,0
8.667,7,W,0
8.667,8,N,1
8.667,8,S,2
8.667,8,E,2
8.667,8,W,0
8.667,9,N,0
8.667,9,S,1
8.667,9,E,0
8.667,9,W,0
8.667,10,N,0
8.667,10,S,0
8.667,10,E,1
8.667,10,W,0
8.667,11,N,0
8.667,11,S,0
8.667,11,E,2
8.667,11,W,0
8.75,0,N,0
8.75,0,S,0
8.75,0,E,0
8.75,0,W,0
8.75,1,N,2
8.75,1,S,2
8.75,1,E,0
8.75,1,W,1
8.75,2,N,0
8.75,2,S,0
8.75,2,E,0
8.75,2,W,1
8.75,3,N,1
8.75,3,S,1
8.75,3,E,0
8.75,3,W,0
8.75,4,N,1
8.75,4,S,1
8.75,4,E,1
8.75,4,W,1
8.75,5,N,0
8.75,5,S,0
8.75,5,E,1
8.75,5,W,0
8.75,6,N,1
8.75,6,S,0
8.75,6,E,1
8.75,6,W,1
8.75,7,N,2
8.75,7,S,1
8.75,7,E,0
8.75,7,W,2
8.75,8,N,0
8.75,8,S,0
8.75,8,E,2
8.75,8,W,0
8.75,9,N,1
8.75,9,S,0
8.75,9,E,1
8.75,9,W,0
8.75,10,N,0
8.75,10,S,1
8.75,10,E,0
8.75,10,W,1
8.75,11,N,0
8.75,11,S,1
8.75,11,E,0
8.75,11,W,1
8.833,0,N,0
8.833,0,S,0
8.833,0,E,2
8.833,0,W,0
8.833,1,N,0
8.833,1,S,1
8.833,1,E,0
8.833,1,W,1
8.833,2,N,0
8.833,2,S,0
8.833,2,E,0
8.833,2,W,0
8.833,3,N,0
8.833,3,S,1
8.833,3,E,0
8.833,3,W,1
8.833,4,N,1
8.833,4,S,1
8.833,4,E,0
8.833,4,W,2
8.833,5,N,0
8.833,5,S,0
8.833,5,E,2
8.833,5,W,0
8.833,6,N,0
8.833,6,S,1
8.833,6,E,0
8.833,6,W,1
8.833,7,N,0
8.833,7,S,1
8.833,7,E,0
8.833,7,W,1
8.833,8,N,1
8.833,8,S,0
8.833,8,E,0
8.833,8,W,1
8.833,9,N,2
8.833,9,S,0
8.833,9,E,0
8.833,9,W,0
8.833,10,N,1
8.833,10,S,0
8.833,10,E,0
8.833,10,W,1
8.833,11,N,0
8.833,11,S,0
8.833,11,E,1
8.833,11,W,0
8.917,0,N,1
8.917,0,S,0
8.917,0,E,0
8.917,0,W,0
8.917,1,N,2
8.917,1,S,0
8.917,1,E,2
8.917,1,W,0
8.917,2,N,0
8.917,2,S,0
8.917,2,E,1
8.917,2,W,0
8.917,3,N,0
8.917,3,S,2
8.917,3,E,1
8.917,3,W,0
8.917,4,N,2
8.917,4,S,0
8.917,4,E,0
8.917,4,W,0
8.917,5,N,1
8.917,5,S,0
8.917,5,E,0
8.917,5,W,2
8.917,6,N,0
8.917,6,S,1
8.917,6,E,0
8.917,6,W,0
8.917,7,N,0
8.917,7,S,1
8.917,7,E,1
8.917,7,W,0
8.917,8,N,1
8.917,8,S,0
8.917,8,E,1
8.917,8,W,0
8.917,9,N,0
8.917,9,S,0
8.917,9,E,0
8.917,9,W,0
8.917,10,N,0
8.917,10,S,0
8.917,10,E,1
8.917,10,W,1
8.917,11,N,0
8.917,11,S,2
8.917,11,E,0
8.917,11,W,1
9.0,0,N,0
9.0,0,S,2
9.0,0,E,0
9.0,0,W,1
9.0,1,N,0
9.0,1,S,1
9.0,1,E,0
9.0,1,W,0
9.0,2,N,1
9.0,2,S,1
9.0,2,E,1
9.0,2,W,0
9.0,3,N,1
9.0,3,S,0
9.0,3,E,1
9.0,3,W,0
9.0,4,N,0
9.0,4,S,0
9.0,4,E,4
9.0,4,W,2
9.0,5,N,0
9.0,5,S,0
9.0,5,E,1
9.0,5,W,0
9.0,6,N,1
9.0,6,S,0
9.0,6,E,3
9.0,6,W,0
9.0,7,N,0
9.0,7,S,2
9.0,7,E,0
9.0,7,W,0
9.0,8,N,1
9.0,8,S,0
9.0,8,E,0
9.0,8,W,0
9.0,9,N,0
9.0,9,S,1
9.0,9,E,0
9.0,9,W,0
9.0,10,N,1
9.0,10,S,1
9.0,10,E,0
9.0,10,W,2
9.0,11,N,0
9.0,11,S,0
9.0,11,E,1
9.0,11,W,0
9.083,0,N,1
9.083,0,S,0
9.083,0,E,0
9.083,0,W,0
9.083,1,N,1
9.083,1,S,2
9.083,1,E,0
9.083,1,W,1
9.083,2,N,0
9.083,2,S,0
9.083,2,E,0
9.083,2,W,0
9.083,3,N,0
9.083,3,S,2
9.083,3,E,0
9.083,3,W,1
9.083,4,N,0
9.083,4,S,0
9.083,4,E,1
9.083,4,W,0
9.083,5,N,0
9.083,5,S,0
9.083,5,E,1
9.083,5,W,1
9.083,6,N,1
9.083,6,S,1
9.083,6,E,0
9.083,6,W,0
9.083,7,N,0
9.083,7,S,1
9.083,7,E,0
9.083,7,W,0
9.083,8,N,2
9.083,8,S,1
9.083,8,E,0
9.083,8,W,1
9.083,9,N,1
9.083,9,S,2
9.083,9,E,0
9.083,9,W,0
9.083,10,N,1
9.083,10,S,0
9.083,10,E,1
9.083,10,W,0
9.083,11,N,0
9.083,11,S,0
9.083,11,E,2
9.083,11,W,0
9.167,0,N,1
9.167,0,S,0
9.167,0,E,0
9.167,0,W,0
9.167,1,N,0
9.167,1,S,1
9.167,1,E,1
9.167,1,W,0
9.167,2,N,0
9.167,2,S,0
9.167,2,E,0
9.167,2,W,2
9.167,3,N,2
9.167,3,S,0
9.167,3,E,0
9.167,3,W,1
9.167,4,N,0
9.167,4,S,0
9.167,4,E,2
9.167,4,W,1
9.167,5,N,0
9.167,5,S,0
9.167,5,E,0
9.167,5,W,1
9.167,6,N,1
9.167,6,S,0
9.167,6,E,2
9.167,6,W,0
9.167,7,N,0
9.167,7,S,0
9.167,7,E,0
9.167,7,W,0
9.167,8,N,0
9.167,8,S,0
9.167,8,E,1
9.167,8,W,3
9.167,9,N,0
9.167,9,S,0
9.167,9,E,1
9.167,9,W,0
9.167,10,N,0
9.167,10,S,0
9.167,10,E,0
9.167,10,W,0
9.167,11,N,0
9.167,11,S,1
9.167,11,E,0
9.167,11,W,0
9.25,0,N,1
9.25,0,S,1
9.25,0,E,1
9.25,0,W,0
9.25,1,N,2
9.25,1,S,0
9.25,1,E,1
9.25,1,W,0
9.25,2,N,1
9.25,2,S,0
9.25,2,E,0
9.25,2,W,2
9.25,3,N,0
9.25,3,S,1
9.25,3,E,0
9.25,3,W,1
9.25,4,N,1
9.25,4,S,0
9.25,4,E,0
9.25,4,W,1
9.25,5,N,0
9.25,5,S,0
9.25,5,E,0
9.25,5,W,0
9.25,6,N,1
9.25,6,S,0
9.25,6,E,0
9.25,6,W,0
9.25,7,N,0
9.25,7,S,0
9.25,7,E,0
9.25,7,W,0
9.25,8,N,0
9.25,8,S,1
9.25,8,E,0
9.25,8,W,1
9.25,9,N,0
9.25,9,S,0
9.25,9,E,0
9.25,9,W,0
9.25,10,N,0
9.25,10,S,1
9.25,10,E,0
9.25,10,W,2
9.25,11,N,0
9.25,11,S,0
9.25,11,E,0
9.25,11,W,0
9.333,0,N,0
9.333,0,S,0
9.333,0,E,0
9.333,0,W,0
9.333,1,N,2
9.333,1,S,2
9.333,1,E,0
9.333,1,W,0
9.333,2,N,0
9.333,2,S,0
9.333,2,E,0
9.333,2,W,0
9.333,3,N,1
9.333,3,S,1
9.333,3,E,0
9.333,3,W,1
9.333,4,N,1
9.333,4,S,0
9.333,4,E,1
9.333,4,W,0
9.333,5,N,0
9.333,5,S,1
9.333,5,E,0
9.333,5,W,0
9.333,6,N,0
9.333,6,S,0
9.333,6,E,0
9.333,6,W,0
9.333,7,N,0
9.333,7,S,1
9.333,7,E,0
9.333,7,W,1
9.333,8,N,1
9.333,8,S,0
9.333,8,E,0
9.333,8,W,1
9.333,9,N,0
9.333,9,S,1
9.333,9,E,1
9.333,9,W,0
9.333,10,N,1
9.333,10,S,0
9.333,10,E,0
9.333,10,W,0
9.333,11,N,0
9.333,11,S,1
9.333,11,E,0
9.333,11,W,1
9.417,0,N,1
9.417,0,S,0
9.417,0,E,1
9.417,0,W,1
9.417,1,N,0
9.417,1,S,1
9.417,1,E,1
9.417,1,W,0
9.417,2,N,0
9.417,2,S,0
9.417,2,E,0
9.417,2,W,0
9.417,3,N,2
9.417,3,S,1
9.417,3,E,0
9.417,3,W,0
9.417,4,N,0
9.417,4,S,0
9.417,4,E,0
9.417,4,W,1
9.417,5,N,0
9.417,5,S,0
9.417,5,E,0
9.417,5,W,0
9.417,6,N,1
9.417,6,S,0
9.417,6,E,1
9.417,6,W,0
9.417,7,N,0
9.417,7,S,0
9.417,7,E,0
9.417,7,W,0
9.417,8,N,0
9.417,8,S,1
9.417,8,E,0
9.417,8,W,0
9.417,9,N,2
9.417,9,S,3
9.417,9,E,0
9.417,9,W,0
9.417,10,N,0
9.417,10,S,1
9.417,10,E,0
9.417,10,W,0
9.417,11,N,0
9.417,11,S,0
9.417,11,E,0
9.417,11,W,2
9.5,0,N,0
9.5,0,S,0
9.5,0,E,0
9.5,0,W,0
9.5,1,N,0
9.5,1,S,0
9.5,1,E,0
9.5,1,W,0
9.5,2,N,0
9.5,2,S,1
9.5,2,E,0
9.5,2,W,0
9.5,3,N,1
9.5,3,S,0
9.5,3,E,0
9.5,3,W,0
9.5,4,N,0
9.5,4,S,0
9.5,4,E,0
9.5,4,W,0
9.5,5,N,0
9.5,5,S,0
9.5,5,E,0
9.5,5,W,0
9.5,6,N,1
9.5,6,S,0
9.5,6,E,1
9.5,6,W,0
9.5,7,N,1
9.5,7,S,0
9.5,7,E,0
9.5,7,W,0
9.5,8,N,0
9.5,8,S,0
9.5,8,E,0
9.5,8,W,0
9.5,9,N,0
9.5,9,S,0
9.5,9,E,1
9.5,9,W,0
9.5,10,N,0
9.5,10,S,2
9.5,10,E,0
9.5,10,W,1
9.5,11,N,0
9.5,11,S,1
9.5,11,E,0
9.5,11,W,0
9.583,0,N,1
9.583,0,S,0
9.583,0,E,0
9.583,0,W,1
9.583,1,N,1
9.583,1,S,0
9.583,1,E,1
9.583,1,W,0
9.583,2,N,0
9.583,2,S,0
9.583,2,E,1
9.583,2,W,0
9.583,3,N,1
9.583,3,S,1
9.583,3,E,1
9.583,3,W,0
9.583,4,N,0
9.583,4,S,1
9.583,4,E,0
9.583,4,W,0
9.583,5,N,0
9.583,5,S,0
9.583,5,E,0
9.583,5,W,0
9.583,6,N,0
9.583,6,S,0
9.583,6,E,0
9.583,6,W,0
9.583,7,N,0
9.583,7,S,1
9.583,7,E,0
9.583,7,W,0
9.583,8,N,0
9.583,8,S,0
9.583,8,E,0
9.583,8,W,0
9.583,9,N,0
9.583,9,S,1
9.583,9,E,0
9.583,9,W,1
9.583,10,N,0
9.583,10,S,0
9.583,10,E,1
9.583,10,W,1
9.583,11,N,0
9.583,11,S,0
9.583,11,E,0
9.583,11,W,0
9.667,0,N,0
9.667,0,S,0
9.667,0,E,0
9.667,0,W,0
9.667,1,N,0
9.667,1,S,0
9.667,1,E,0
9.667,1,W,0
9.667,2,N,0
9.667,2,S,1
9.667,2,E,0
9.667,2,W,0
9.667,3,N,0
9.667,3,S,0
9.667,3,E,0
9.667,3,W,0
9.667,4,N,0
9.667,4,S,0
9.667,4,E,0
9.667,4,W,0
9.667,5,N,0
9.667,5,S,0
9.667,5,E,0
9.667,5,W,1
9.667,6,N,2
9.667,6,S,0
9.667,6,E,0
9.667,6,W,1
9.667,7,N,0
9.667,7,S,0
9.667,7,E,1
9.667,7,W,0
9.667,8,N,0
9.667,8,S,1
9.667,8,E,0
9.667,8,W,2
9.667,9,N,2
9.667,9,S,0
9.667,9,E,0
9.667,9,W,0
9.667,10,N,0
9.667,10,S,1
9.667,10,E,0
9.667,10,W,0
9.667,11,N,0
9.667,11,S,1
9.667,11,E,2
9.667,11,W,0
9.75,0,N,0
9.75,0,S,1
9.75,0,E,1
9.75,0,W,0
9.75,1,N,0
9.75,1,S,0
9.75,1,E,0
9.75,1,W,0
9.75,2,N,1
9.75,2,S,0
9.75,2,E,0
9.75,2,W,1
9.75,3,N,0
9.75,3,S,0
9.75,3,E,0
9.75,3,W,0
9.75,4,N,0
9.75,4,S,1
9.75,4,E,0
9.75,4,W,1
9.75,5,N,1
9.75,5,S,0
9.75,5,E,1
9.75,5,W,0
9.75,6,N,1
9.75,6,S,0
9.75,6,E,0
9.75,6,W,0
9.75,7,N,0
9.75,7,S,1
9.75,7,E,0
9.75,7,W,0
9.75,8,N,0
9.75,8,S,2
9.75,8,E,0
9.75,8,W,1
9.75,9,N,0
9.75,9,S,1
9.75,9,E,0
9.75,9,W,1
9.75,10,N,0
9.75,10,S,0
9.75,10,E,0
9.75,10,W,1
9.75,11,N,1
9.75,11,S,0
9.75,11,E,1
9.75,11,W,1
9.833,0,N,0
9.833,0,S,0
9.833,0,E,1
9.833,0,W,0
9.833,1,N,0
9.833,1,S,0
9.833,1,E,2
9.833,1,W,0
9.833,2,N,0
9.833,2,S,1
9.833,2,E,0
9.833,2,W,0
9.833,3,N,0
9.833,3,S,2
9.833,3,E,0
9.833,3,W,0
9.833,4,N,0
9.833,4,S,0
9.833,4,E,0
9.833,4,W,1
9.833,5,N,0
9.833,5,S,0
9.833,5,E,0
9.833,5,W,1
9.833,6,N,1
9.833,6,S,1
9.833,6,E,0
9.833,6,W,0
9.833,7,N,1
9.833,7,S,0
9.833,7,E,0
9.833,7,W,1
9.833,8,N,1
9.833,8,S,1
9.833,8,E,0
9.833,8,W,0
9.833,9,N,0
9.833,9,S,1
9.833,9,E,1
9.833,9,W,1
9.833,10,N,0
9.833,10,S,0
9.833,10,E,0
9.833,10,W,0
9.833,11,N,0
9.833,11,S,0
9.833,11,E,1
9.833,11,W,0
9.917,0,N,0
9.917,0,S,0
9.917,0,E,1
9.917,0,W,0
9.917,1,N,0
9.917,1,S,0
9.917,1,E,0
9.917,1,W,0
9.917,2,N,0
9.917,2,S,0
9.917,2,E,1
9.917,2,W,1
9.917,3,N,2
9.917,3,S,0
9.917,3,E,0
9.917,3,W,0
9.917,4,N,2
9.917,4,S,0
9.917,4,E,0
9.917,4,W,0
9.917,5,N,0
9.917,5,S,0
9.917,5,E,1
9.917,5,W,0
9.917,6,N,0
9.917,6,S,0
9.917,6,E,0
9.917,6,W,0
9.917,7,N,0
9.917,7,S,0
9.917,7,E,0
9.917,7,W,0
9.917,8,N,0
9.917,8,S,0
9.917,8,E,0
9.917,8,W,0
9.917,9,N,0
9.917,9,S,0
9.917,9,E,0
9.917,9,W,0
9.917,10,N,1
9.917,10,S,0
9.917,10,E,0
9.917,10,W,1
9.917,11,N,0
9.917,11,S,0
9.917,11,E,0
9.917,11,W,0
10.0,0,N,0
10.0,0,S,1
10.0,0,E,0
10.0,0,W,1
10.0,1,N,0
10.0,1,S,1
10.0,1,E,0
10.0,1,W,1
10.0,2,N,0
10.0,2,S,1
10.0,2,E,0
10.0,2,W,0
10.0,3,N,1
10.0,3,S,1
10.0,3,E,0
10.0,3,W,0
10.0,4,N,0
10.0,4,S,0
10.0,4,E,0
10.0,4,W,0
10.0,5,N,0
10.0,5,S,0
10.0,5,E,0
10.0,5,W,0
10.0,6,N,0
10.0,6,S,1
10.0,6,E,0
10.0,6,W,0
10.0,7,N,1
10.0,7,S,0
10.0,7,E,0
10.0,7,W,0
10.0,8,N,0
10.0,8,S,1
10.0,8,E,0
10.0,8,W,0
10.0,9,N,0
10.0,9,S,0
10.0,9,E,0
10.0,9,W,0
10.0,10,N,0
10.0,10,S,0
10.0,10,E,2
10.0,10,W,0
10.0,11,N,0
10.0,11,S,0
10.0,11,E,0
10.0,11,W,1
10.083,0,N,1
10.083,0,S,0
10.083,0,E,0
10.083,0,W,1
10.083,1,N,0
10.083,1,S,0
10.083,1,E,0
10.083,1,W,0
10.083,2,N,0
10.083,2,S,0
10.083,2,E,0
10.083,2,W,0
10.083,3,N,0
10.083,3,S,0
10.083,3,E,0
10.083,3,W,0
10.083,4,N,2
10.083,4,S,0
10.083,4,E,0
10.083,4,W,0
10.083,5,N,0
10.083,5,S,0
10.083,5,E,1
10.083,5,W,0
10.083,6,N,1
10.083,6,S,0
10.083,6,E,1
10.083,6,W,0
10.083,7,N,1
10.083,7,S,0
10.083,7,E,0
10.083,7,W,0
10.083,8,N,0
10.083,8,S,1
10.083,8,E,0
10.083,8,W,0
10.083,9,N,0
10.083,9,S,0
10.083,9,E,1
10.083,9,W,0
10.083,10,N,0
10.083,10,S,0
10.083,10,E,0
10.083,10,W,0
10.083,11,N,0
10.083,11,S,0
10.083,11,E,0
10.083,11,W,0
10.167,0,N,1
10.167,0,S,0
10.167,0,E,0
10.167,0,W,0
10.167,1,N,0
10.167,1,S,0
10.167,1,E,0
10.167,1,W,0
10.167,2,N,1
10.167,2,S,0
10.167,2,E,1
10.167,2,W,0
10.167,3,N,0
10.167,3,S,0
10.167,3,E,1
10.167,3,W,0
10.167,4,N,0
10.167,4,S,1
10.167,4,E,0
10.167,4,W,1
10.167,5,N,0
10.167,5,S,0
10.167,5,E,0
10.167,5,W,1
10.167,6,N,0
10.167,6,S,0
10.167,6,E,0
10.167,6,W,0
10.167,7,N,1
10.167,7,S,0
10.167,7,E,0
10.167,7,W,0
10.167,8,N,0
10.167,8,S,0
10.167,8,E,0
10.167,8,W,0
10.167,9,N,0
10.167,9,S,1
10.167,9,E,0
10.167,9,W,0
10.167,10,N,0
10.167,10,S,0
10.167,10,E,0
10.167,10,W,0
10.167,11,N,0
10.167,11,S,0
10.167,11,E,0
10.167,11,W,0
10.25,0,N,0
10.25,0,S,0
10.25,0,E,0
10.25,0,W,0
10.25,1,N,0
10.25,1,S,1
10.25,1,E,0
10.25,1,W,0
10.25,2,N,0
10.25,2,S,0
10.25,2,E,0
10.25,2,W,0
10.25,3,N,0
10.25,3,S,1
10.25,3,E,0
10.25,3,W,0
10.25,4,N,1
10.25,4,S,1
10.25,4,E,0
10.25,4,W,1
10.25,5,N,0
10.25,5,S,0
10.25,5,E,0
10.25,5,W,0
10.25,6,N,0
10.25,6,S,0
10.25,6,E,0
10.25,6,W,0
10.25,7,N,0
10.25,7,S,0
10.25,7,E,0
10.25,7,W,0
10.25,8,N,0
10.25,8,S,0
10.25,8,E,0
10.25,8,W,0
10.25,9,N,1
10.25,9,S,0
10.25,9,E,2
10.25,9,W,0
10.25,10,N,0
10.25,10,S,0
10.25,10,E,0
10.25,10,W,0
10.25,11,N,0
10.25,11,S,0
10.25,11,E,0
10.25,11,W,0
10.333,0,N,1
10.333,0,S,1
10.333,0,E,0
10.333,0,W,0
10.333,1,N,1
10.333,1,S,0
10.333,1,E,0
10.333,1,W,1
10.333,2,N,0
10.333,2,S,0
10.333,2,E,0
10.333,2,W,0
10.333,3,N,0
10.333,3,S,0
10.333,3,E,0
10.333,3,W,0
10.333,4,N,0
10.333,4,S,1
10.333,4,E,0
10.333,4,W,0
10.333,5,N,0
10.333,5,S,0
10.333,5,E,1
10.333,5,W,0
10.333,6,N,0
10.333,6,S,0
10.333,6,E,0
10.333,6,W,0
10.333,7,N,0
10.333,7,S,0
10.333,7,E,1
10.333,7,W,2
10.333,8,N,0
10.333,8,S,1
10.333,8,E,0
10.333,8,W,1
10.333,9,N,1
10.333,9,S,0
10.333,9,E,0
10.333,9,W,0
10.333,10,N,0
10.333,10,S,0
10.333,10,E,0
10.333,10,W,1
10.333,11,N,0
10.333,11,S,0
10.333,11,E,0
10.333,11,W,0
10.417,0,N,0
10.417,0,S,0
10.417,0,E,0
10.417,0,W,0
10.417,1,N,0
10.417,1,S,1
10.417,1,E,0
10.417,1,W,0
10.417,2,N,0
10.417,2,S,0
10.417,2,E,0
10.417,2,W,0
10.417,3,N,1
10.417,3,S,1
10.417,3,E,0
10.417,3,W,0
10.417,4,N,0
10.417,4,S,0
10.417,4,E,0
10.417,4,W,0
10.417,5,N,0
10.417,5,S,0
10.417,5,E,0
10.417,5,W,1
10.417,6,N,0
10.417,6,S,0
10.417,6,E,2
10.417,6,W,0
10.417,7,N,0
10.417,7,S,0
10.417,7,E,0
10.417,7,W,0
10.417,8,N,0
10.417,8,S,1
10.417,8,E,0
10.417,8,W,0
10.417,9,N,0
10.417,9,S,0
10.417,9,E,1
10.417,9,W,0
10.417,10,N,0
10.417,10,S,1
10.417,10,E,1
10.417,10,W,2
10.417,11,N,0
10.417,11,S,0
10.417,11,E,0
10.417,11,W,0
10.5,0,N,1
10.5,0,S,0
10.5,0,E,0
10.5,0,W,0
10.5,1,N,0
10.5,1,S,1
10.5,1,E,0
10.5,1,W,1
10.5,2,N,0
10.5,2,S,0
10.5,2,E,0
10.5,2,W,1
10.5,3,N,0
10.5,3,S,0
10.5,3,E,0
10.5,3,W,0
10.5,4,N,0
10.5,4,S,0
10.5,4,E,1
10.5,4,W,0
10.5,5,N,0
10.5,5,S,0
10.5,5,E,0
10.5,5,W,0
10.5,6,N,0
10.5,6,S,0
10.5,6,E,0
10.5,6,W,0
10.5,7,N,0
10.5,7,S,0
10.5,7,E,0
10.5,7,W,0
10.5,8,N,0
10.5,8,S,0
10.5,8,E,0
10.5,8,W,0
10.5,9,N,0
10.5,9,S,0
10.5,9,E,1
10.5,9,W,0
10.5,10,N,0
10.5,10,S,0
10.5,10,E,1
10.5,10,W,1
10.5,11,N,0
10.5,11,S,0
10.5,11,E,0
10.5,11,W,0
10.583,0,N,0
10.583,0,S,0
10.583,0,E,0
10.583,0,W,0
10.583,1,N,0
10.583,1,S,0
10.583,1,E,0
10.583,1,W,0
10.583,2,N,0
10.583,2,S,0
10.583,2,E,0
10.583,2,W,0
10.583,3,N,1
10.583,3,S,0
10.583,3,E,1
10.583,3,W,0
10.583,4,N,0
10.583,4,S,0
10.583,4,E,0
10.583,4,W,0
10.583,5,N,0
10.583,5,S,0
10.583,5,E,1
10.583,5,W,0
10.583,6,N,0
10.583,6,S,1
10.583,6,E,0
10.583,6,W,0
10.583,7,N,0
10.583,7,S,1
10.583,7,E,0
10.583,7,W,0
10.583,8,N,1
10.583,8,S,1
10.583,8,E,0
10.583,8,W,0
10.583,9,N,1
10.583,9,S,0
10.583,9,E,0
10.583,9,W,0
10.583,10,N,0
10.583,10,S,1
10.583,10,E,0
10.583,10,W,0
10.583,11,N,0
10.583,11,S,1
10.583,11,E,1
10.583,11,W,0
10.667,0,N,0
10.667,0,S,0
10.667,0,E,0
10.667,0,W,0
10.667,1,N,0
10.667,1,S,0
10.667,1,E,0
10.667,1,W,0
10.667,2,N,0
10.667,2,S,0
10.667,2,E,0
10.667,2,W,0
10.667,3,N,0
10.667,3,S,0
10.667,3,E,0
10.667,3,W,0
10.667,4,N,0
10.667,4,S,0
10.667,4,E,0
10.667,4,W,0
10.667,5,N,0
10.667,5,S,0
10.667,5,E,0
10.667,5,W,0
10.667,6,N,0
10.667,6,S,0
10.667,6,E,0
10.667,6,W,0
10.667,7,N,0
10.667,7,S,0
10.667,7,E,0
10.667,7,W,0
10.667,8,N,0
10.667,8,S,0
10.667,8,E,1
10.667,8,W,0
10.667,9,N,0
10.667,9,S,0
10.667,9,E,0
10.667,9,W,0
10.667,10,N,0
10.667,10,S,0
10.667,10,E,0
10.667,10,W,0
10.667,11,N,1
10.667,11,S,0
10.667,11,E,1
10.667,11,W,1
10.75,0,N,0
10.75,0,S,0
10.75,0,E,0
10.75,0,W,0
10.75,1,N,0
10.75,1,S,0
10.75,1,E,0
10.75,1,W,0
10.75,2,N,0
10.75,2,S,0
10.75,2,E,0
10.75,2,W,0
10.75,3,N,0
10.75,3,S,0
10.75,3,E,0
10.75,3,W,0
10.75,4,N,0
10.75,4,S,1
10.75,4,E,0
10.75,4,W,0
10.75,5,N,0
10.75,5,S,0
10.75,5,E,0
10.75,5,W,0
10.75,6,N,0
10.75,6,S,0
10.75,6,E,0
10.75,6,W,0
10.75,7,N,0
10.75,7,S,0
10.75,7,E,1
10.75,7,W,0
10.75,8,N,0
10.75,8,S,0
10.75,8,E,0
10.75,8,W,0
10.75,9,N,0
10.75,9,S,0
10.75,9,E,0
10.75,9,W,0
10.75,10,N,1
10.75,10,S,0
10.75,10,E,0
10.75,10,W,0
10.75,11,N,0
10.75,11,S,0
10.75,11,E,0
10.75,11,W,0
10.833,0,N,1
10.833,0,S,0
10.833,0,E,0
10.833,0,W,0
10.833,1,N,0
10.833,1,S,0
10.833,1,E,0
10.833,1,W,0
10.833,2,N,0
10.833,2,S,1
10.833,2,E,0
10.833,2,W,0
10.833,3,N,1
10.833,3,S,0
10.833,3,E,0
10.833,3,W,0
10.833,4,N,1
10.833,4,S,0
10.833,4,E,0
10.833,4,W,0
10.833,5,N,0
10.833,5,S,0
10.833,5,E,0
10.833,5,W,1
10.833,6,N,0
10.833,6,S,0
10.833,6,E,0
10.833,6,W,0
10.833,7,N,0
10.833,7,S,0
10.833,7,E,0
10.833,7,W,0
10.833,8,N,0
10.833,8,S,0
10.833,8,E,0
10.833,8,W,0
10.833,9,N,0
10.833,9,S,0
10.833,9,E,0
10.833,9,W,0
10.833,10,N,0
10.833,10,S,0
10.833,10,E,0
10.833,10,W,0
10.833,11,N,0
10.833,11,S,0
10.833,11,E,1
10.833,11,W,1
10.917,0,N,1
10.917,0,S,0
10.917,0,E,1
10.917,0,W,0
10.917,1,N,0
10.917,1,S,0
10.917,1,E,0
10.917,1,W,1
10.917,2,N,0
10.917,2,S,0
10.917,2,E,0
10.917,2,W,1
10.917,3,N,0
10.917,3,S,2
10.917,3,E,0
10.917,3,W,0
10.917,4,N,0
10.917,4,S,0
10.917,4,E,0
10.917,4,W,0
10.917,5,N,0
10.917,5,S,0
10.917,5,E,0
10.917,5,W,0
10.917,6,N,0
10.917,6,S,0
10.917,6,E,0
10.917,6,W,0
10.917,7,N,0
10.917,7,S,0
10.917,7,E,0
10.917,7,W,0
10.917,8,N,0
10.917,8,S,0
10.917,8,E,0
10.917,8,W,0
10.917,9,N,0
10.917,9,S,0
10.917,9,E,0
10.917,9,W,0
10.917,10,N,0
10.917,10,S,0
10.917,10,E,0
10.917,10,W,1
10.917,11,N,0
10.917,11,S,0
10.917,11,E,0
10.917,11,W,0
11.0,0,N,0
11.0,0,S,0
11.0,0,E,0
11.0,0,W,0
11.0,1,N,0
11.0,1,S,0
11.0,1,E,0
11.0,1,W,0
11.0,2,N,0
11.0,2,S,0
11.0,2,E,0
11.0,2,W,0
11.0,3,N,0
11.0,3,S,0
11.0,3,E,1
11.0,3,W,0
11.0,4,N,0
11.0,4,S,0
11.0,4,E,0
11.0,4,W,0
11.0,5,N,0
11.0,5,S,0
11.0,5,E,0
11.0,5,W,0
11.0,6,N,1
11.0,6,S,0
11.0,6,E,0
11.0,6,W,0
11.0,7,N,0
11.0,7,S,0
11.0,7,E,0
11.0,7,W,0
11.0,8,N,0
11.0,8,S,0
11.0,8,E,0
11.0,8,W,0
11.0,9,N,0
11.0,9,S,0
11.0,9,E,0
11.0,9,W,0
11.0,10,N,0
11.0,10,S,1
11.0,10,E,1
11.0,10,W,0
11.0,11,N,1
11.0,11,S,0
11.0,11,E,0
11.0,11,W,0
11.083,0,N,0
11.083,0,S,0
11.083,0,E,0
11.083,0,W,0
11.083,1,N,0
11.083,1,S,0
11.083,1,E,0
11.083,1,W,0
11.083,2,N,0
11.083,2,S,0
11.083,2,E,0
11.083,2,W,0
11.083,3,N,0
11.083,3,S,0
11.083,3,E,0
11.083,3,W,0
11.083,4,N,0
11.083,4,S,0
11.083,4,E,1
11.083,4,W,0
11.083,5,N,1
11.083,5,S,0
11.083,5,E,0
11.083,5,W,0
11.083,6,N,1
11.083,6,S,0
11.083,6,E,0
11.083,6,W,0
11.083,7,N,0
11.083,7,S,0
11.083,7,E,0
11.083,7,W,0
11.083,8,N,0
11.083,8,S,1
11.083,8,E,0
11.083,8,W,0
11.083,9,N,0
11.083,9,S,0
11.083,9,E,0
11.083,9,W,0
11.083,10,N,0
11.083,10,S,0
11.083,10,E,0
11.083,10,W,0
11.083,11,N,0
11.083,11,S,0
11.083,11,E,0
11.083,11,W,0
11.167,0,N,0
11.167,0,S,0
11.167,0,E,0
11.167,0,W,0
11.167,1,N,0
11.167,1,S,0
11.167,1,E,1
11.167,1,W,0
11.167,2,N,0
11.167,2,S,0
11.167,2,E,0
11.167,2,W,0
11.167,3,N,0
11.167,3,S,0
11.167,3,E,0
11.167,3,W,0
11.167,4,N,0
11.167,4,S,0
11.167,4,E,0
11.167,4,W,1
11.167,5,N,0
11.167,5,S,0
11.167,5,E,0
11.167,5,W,0
11.167,6,N,0
11.167,6,S,0
11.167,6,E,0
11.167,6,W,0
11.167,7,N,0
11.167,7,S,0
11.167,7,E,1
11.167,7,W,0
11.167,8,N,0
11.167,8,S,0
11.167,8,E,0
11.167,8,W,0
11.167,9,N,0
11.167,9,S,0
11.167,9,E,0
11.167,9,W,0
11.167,10,N,0
11.167,10,S,0
11.167,10,E,0
11.167,10,W,0
11.167,11,N,0
11.167,11,S,1
11.167,11,E,0
11.167,11,W,0
11.25,0,N,0
11.25,0,S,0
11.25,0,E,1
11.25,0,W,0
11.25,1,N,1
11.25,1,S,0
11.25,1,E,0
11.25,1,W,0
11.25,2,N,0
11.25,2,S,0
11.25,2,E,0
11.25,2,W,0
11.25,3,N,0
11.25,3,S,0
11.25,3,E,0
11.25,3,W,0
11.25,4,N,0
11.25,4,S,0
11.25,4,E,0
11.25,4,W,0
11.25,5,N,0
11.25,5,S,0
11.25,5,E,0
11.25,5,W,0
11.25,6,N,0
11.25,6,S,0
11.25,6,E,0
11.25,6,W,1
11.25,7,N,0
11.25,7,S,0
11.25,7,E,0
11.25,7,W,0
11.25,8,N,0
11.25,8,S,0
11.25,8,E,0
11.25,8,W,0
11.25,9,N,1
11.25,9,S,0
11.25,9,E,0
11.25,9,W,0
11.25,10,N,0
11.25,10,S,0
11.25,10,E,1
11.25,10,W,0
11.25,11,N,0
11.25,11,S,0
11.25,11,E,0
11.25,11,W,0
11.333,0,N,0
11.333,0,S,0
11.333,0,E,0
11.333,0,W,0
11.333,1,N,0
11.333,1,S,0
11.333,1,E,0
11.333,1,W,0
11.333,2,N,0
11.333,2,S,0
11.333,2,E,0
11.333,2,W,1
11.333,3,N,0
11.333,3,S,0
11.333,3,E,0
11.333,3,W,0
11.333,4,N,0
11.333,4,S,0
11.333,4,E,0
11.333,4,W,0
11.333,5,N,0
11.333,5,S,0
11.333,5,E,1
11.333,5,W,0
11.333,6,N,0
11.333,6,S,0
11.333,6,E,0
11.333,6,W,0
11.333,7,N,0
11.333,7,S,0
11.333,7,E,0
11.333,7,W,0
11.333,8,N,0
11.333,8,S,0
11.333,8,E,0
11.333,8,W,0
11.333,9,N,1
11.333,9,S,0
11.333,9,E,0
11.333,9,W,0
11.333,10,N,0
11.333,10,S,0
11.333,10,E,0
11.333,10,W,1
11.333,11,N,1
11.333,11,S,0
11.333,11,E,0
11.333,11,W,0
11.417,0,N,1
11.417,0,S,0
11.417,0,E,0
11.417,0,W,0
11.417,1,N,0
11.417,1,S,0
11.417,1,E,1
11.417,1,W,0
11.417,2,N,0
11.417,2,S,1
11.417,2,E,0
11.417,2,W,0
11.417,3,N,0
11.417,3,S,0
11.417,3,E,0
11.417,3,W,0
11.417,4,N,0
11.417,4,S,0
11.417,4,E,0
11.417,4,W,0
11.417,5,N,0
11.417,5,S,0
11.417,5,E,0
11.417,5,W,0
11.417,6,N,1
11.417,6,S,0
11.417,6,E,0
11.417,6,W,1
11.417,7,N,0
11.417,7,S,0
11.417,7,E,0
11.417,7,W,0
11.417,8,N,0
11.417,8,S,0
11.417,8,E,0
11.417,8,W,0
11.417,9,N,1
11.417,9,S,0
11.417,9,E,0
11.417,9,W,1
11.417,10,N,0
11.417,10,S,0
11.417,10,E,0
11.417,10,W,0
11.417,11,N,0
11.417,11,S,0
11.417,11,E,0
11.417,11,W,0
11.5,0,N,0
11.5,0,S,0
11.5,0,E,1
11.5,0,W,0
11.5,1,N,0
11.5,1,S,1
11.5,1,E,0
11.5,1,W,0
11.5,2,N,0
11.5,2,S,0
11.5,2,E,0
11.5,2,W,0
11.5,3,N,0
11.5,3,S,0
11.5,3,E,0
11.5,3,W,0
11.5,4,N,0
11.5,4,S,0
11.5,4,E,1
11.5,4,W,0
11.5,5,N,0
11.5,5,S,1
11.5,5,E,0
11.5,5,W,0
11.5,6,N,0
11.5,6,S,0
11.5,6,E,0
11.5,6,W,0
11.5,7,N,0
11.5,7,S,0
11.5,7,E,0
11.5,7,W,0
11.5,8,N,0
11.5,8,S,0
11.5,8,E,0
11.5,8,W,0
11.5,9,N,0
11.5,9,S,0
11.5,9,E,0
11.5,9,W,2
11.5,10,N,0
11.5,10,S,0
11.5,10,E,0
11.5,10,W,0
11.5,11,N,0
11.5,11,S,0
11.5,11,E,1
11.5,11,W,0
11.583,0,N,0
11.583,0,S,1
11.583,0,E,0
11.583,0,W,0
11.583,1,N,0
11.583,1,S,0
11.583,1,E,0
11.583,1,W,0
11.583,2,N,1
11.583,2,S,0
11.583,2,E,0
11.583,2,W,0
11.583,3,N,0
11.583,3,S,0
11.583,3,E,0
11.583,3,W,0
11.583,4,N,1
11.583,4,S,0
11.583,4,E,0
11.583,4,W,0
11.583,5,N,0
11.583,5,S,0
11.583,5,E,1
11.583,5,W,0
11.583,6,N,0
11.583,6,S,0
11.583,6,E,0
11.583,6,W,0
11.583,7,N,0
11.583,7,S,0
11.583,7,E,0
11.583,7,W,0
11.583,8,N,0
11.583,8,S,0
11.583,8,E,0
11.583,8,W,0
11.583,9,N,0
11.583,9,S,0
11.583,9,E,0
11.583,9,W,0
11.583,10,N,1
11.583,10,S,1
11.583,10,E,0
11.583,10,W,1
11.583,11,N,0
11.583,11,S,0
11.583,11,E,0
11.583,11,W,0
11.667,0,N,0
11.667,0,S,0
11.667,0,E,0
11.667,0,W,0
11.667,1,N,1
11.667,1,S,0
11.667,1,E,0
11.667,1,W,0
11.667,2,N,0
11.667,2,S,0
11.667,2,E,0
11.667,2,W,0
11.667,3,N,0
11.667,3,S,0
11.667,3,E,0
11.667,3,W,0
11.667,4,N,1
11.667,4,S,0
11.667,4,E,2
11.667,4,W,0
11.667,5,N,0
11.667,5,S,0
11.667,5,E,0
11.667,5,W,0
11.667,6,N,0
11.667,6,S,0
11.667,6,E,0
11.667,6,W,0
11.667,7,N,1
11.667,7,S,0
11.667,7,E,0
11.667,7,W,0
11.667,8,N,0
11.667,8,S,0
11.667,8,E,0
11.667,8,W,0
11.667,9,N,0
11.667,9,S,0
11.667,9,E,0
11.667,9,W,0
11.667,10,N,0
11.667,10,S,0
11.667,10,E,0
11.667,10,W,0
11.667,11,N,0
11.667,11,S,0
11.667,11,E,0
11.667,11,W,0
11.75,0,N,0
11.75,0,S,1
11.75,0,E,0
11.75,0,W,0
11.75,1,N,1
11.75,1,S,0
11.75,1,E,0
11.75,1,W,0
11.75,2,N,0
11.75,2,S,0
11.75,2,E,0
11.75,2,W,0
11.75,3,N,0
11.75,3,S,0
11.75,3,E,0
11.75,3,W,0
11.75,4,N,0
11.75,4,S,0
11.75,4,E,0
11.75,4,W,0
11.75,5,N,0
11.75,5,S,0
11.75,5,E,0
11.75,5,W,2
11.75,6,N,0
11.75,6,S,1
11.75,6,E,0
11.75,6,W,0
11.75,7,N,0
11.75,7,S,0
11.75,7,E,0
11.75,7,W,0
11.75,8,N,0
11.75,8,S,0
11.75,8,E,0
11.75,8,W,0
11.75,9,N,0
11.75,9,S,0
11.75,9,E,0
11.75,9,W,2
11.75,10,N,0
11.75,10,S,0
11.75,10,E,0
11.75,10,W,0
11.75,11,N,0
11.75,11,S,0
11.75,11,E,0
11.75,11,W,0
11.833,0,N,0
11.833,0,S,0
11.833,0,E,0
11.833,0,W,0
11.833,1,N,0
11.833,1,S,0
11.833,1,E,0
11.833,1,W,0
11.833,2,N,0
11.833,2,S,0
11.833,2,E,0
11.833,2,W,0
11.833,3,N,1
11.833,3,S,0
11.833,3,E,0
11.833,3,W,0
11.833,4,N,0
11.833,4,S,0
11.833,4,E,0
11.833,4,W,1
11.833,5,N,0
11.833,5,S,0
11.833,5,E,0
11.833,5,W,0
11.833,6,N,0
11.833,6,S,0
11.833,6,E,1
11.833,6,W,0
11.833,7,N,0
11.833,7,S,0
11.833,7,E,1
11.833,7,W,0
11.833,8,N,0
11.833,8,S,0
11.833,8,E,2
11.833,8,W,0
11.833,9,N,1
11.833,9,S,1
11.833,9,E,0
11.833,9,W,0
11.833,10,N,0
11.833,10,S,0
11.833,10,E,0
11.833,10,W,0
11.833,11,N,0
11.833,11,S,0
11.833,11,E,0
11.833,11,W,0
11.917,0,N,0
11.917,0,S,0
11.917,0,E,0
11.917,0,W,0
11.917,1,N,0
11.917,1,S,0
11.917,1,E,0
11.917,1,W,0
11.917,2,N,0
11.917,2,S,0
11.917,2,E,0
11.917,2,W,0
11.917,3,N,0
11.917,3,S,0
11.917,3,E,0
11.917,3,W,0
11.917,4,N,0
11.917,4,S,0
11.917,4,E,0
11.917,4,W,0
11.917,5,N,0
11.917,5,S,0
11.917,5,E,0
11.917,5,W,0
11.917,6,N,1
11.917,6,S,0
11.917,6,E,0
11.917,6,W,0
11.917,7,N,0
11.917,7,S,0
11.917,7,E,0
11.917,7,W,0
11.917,8,N,0
11.917,8,S,0
11.917,8,E,0
11.917,8,W,0
11.917,9,N,0
11.917,9,S,0
11.917,9,E,0
11.917,9,W,0
11.917,10,N,0
11.917,10,S,0
11.917,10,E,0
11.917,10,W,0
11.917,11,N,0
11.917,11,S,0
11.917,11,E,0
11.917,11,W,0
12.0,0,N,0
12.0,0,S,0
12.0,0,E,0
12.0,0,W,0
12.0,1,N,0
12.0,1,S,0
12.0,1,E,0
12.0,1,W,0
12.0,2,N,0
12.0,2,S,0
12.0,2,E,0
12.0,2,W,0
12.0,3,N,0
12.0,3,S,0
12.0,3,E,0
12.0,3,W,0
12.0,4,N,0
12.0,4,S,0
12.0,4,E,0
12.0,4,W,0
12.0,5,N,0
12.0,5,S,0
12.0,5,E,0
12.0,5,W,0
12.0,6,N,0
12.0,6,S,0
12.0,6,E,0
12.0,6,W,0
12.0,7,N,0
12.0,7,S,0
12.0,7,E,0
12.0,7,W,1
12.0,8,N,0
12.0,8,S,0
12.0,8,E,1
12.0,8,W,0
12.0,9,N,0
12.0,9,S,0
12.0,9,E,0
12.0,9,W,0
12.0,10,N,0
12.0,10,S,1
12.0,10,E,0
12.0,10,W,0
12.0,11,N,0
12.0,11,S,0
12.0,11,E,0
12.0,11,W,0
12.083,0,N,0
12.083,0,S,0
12.083,0,E,0
12.083,0,W,0
12.083,1,N,0
12.083,1,S,0
12.083,1,E,0
12.083,1,W,0
12.083,2,N,0
12.083,2,S,0
12.083,2,E,0
12.083,2,W,0
12.083,3,N,0
12.083,3,S,1
12.083,3,E,0
12.083,3,W,0
12.083,4,N,0
12.083,4,S,0
12.083,4,E,0
12.083,4,W,0
12.083,5,N,1
12.083,5,S,0
12.083,5,E,0
12.083,5,W,0
12.083,6,N,0
12.083,6,S,0
12.083,6,E,1
12.083,6,W,0
12.083,7,N,0
12.083,7,S,0
12.083,7,E,0
12.083,7,W,0
12.083,8,N,0
12.083,8,S,0
12.083,8,E,0
12.083,8,W,0
12.083,9,N,0
12.083,9,S,1
12.083,9,E,0
12.083,9,W,0
12.083,10,N,1
12.083,10,S,1
12.083,10,E,0
12.083,10,W,0
12.083,11,N,0
12.083,11,S,0
12.083,11,E,1
12.083,11,W,0
12.167,0,N,0
12.167,0,S,0
12.167,0,E,0
12.167,0,W,0
12.167,1,N,0
12.167,1,S,0
12.167,1,E,0
12.167,1,W,0
12.167,2,N,0
12.167,2,S,0
12.167,2,E,0
12.167,2,W,0
12.167,3,N,0
12.167,3,S,0
12.167,3,E,0
12.167,3,W,1
12.167,4,N,0
12.167,4,S,0
12.167,4,E,0
12.167,4,W,0
12.167,5,N,0
12.167,5,S,0
12.167,5,E,0
12.167,5,W,0
12.167,6,N,0
12.167,6,S,0
12.167,6,E,0
12.167,6,W,0
12.167,7,N,1
12.167,7,S,2
12.167,7,E,0
12.167,7,W,0
12.167,8,N,0
12.167,8,S,0
12.167,8,E,1
12.167,8,W,0
12.167,9,N,0
12.167,9,S,0
12.167,9,E,0
12.167,9,W,0
12.167,10,N,0
12.167,10,S,0
12.167,10,E,0
12.167,10,W,0
12.167,11,N,0
12.167,11,S,0
12.167,11,E,0
12.167,11,W,0
12.25,0,N,0
12.25,0,S,0
12.25,0,E,0
12.25,0,W,1
12.25,1,N,0
12.25,1,S,0
12.25,1,E,0
12.25,1,W,0
12.25,2,N,0
12.25,2,S,0
12.25,2,E,0
12.25,2,W,0
12.25,3,N,0
12.25,3,S,0
12.25,3,E,0
12.25,3,W,0
12.25,4,N,0
12.25,4,S,0
12.25,4,E,0
12.25,4,W,0
12.25,5,N,0
12.25,5,S,1
12.25,5,E,0
12.25,5,W,0
12.25,6,N,0
12.25,6,S,0
12.25,6,E,0
12.25,6,W,0
12.25,7,N,0
12.25,7,S,0
12.25,7,E,0
12.25,7,W,0
12.25,8,N,0
12.25,8,S,0
12.25,8,E,0
12.25,8,W,0
12.25,9,N,0
12.25,9,S,0
12.25,9,E,0
12.25,9,W,0
12.25,10,N,0
12.25,10,S,0
12.25,10,E,0
12.25,10,W,0
12.25,11,N,0
12.25,11,S,0
12.25,11,E,0
12.25,11,W,0
12.333,0,N,0
12.333,0,S,0
12.333,0,E,0
12.333,0,W,0
12.333,1,N,0
12.333,1,S,0
12.333,1,E,0
12.333,1,W,0
12.333,2,N,1
12.333,2,S,0
12.333,2,E,0
12.333,2,W,0
12.333,3,N,0
12.333,3,S,0
12.333,3,E,0
12.333,3,W,0
12.333,4,N,0
12.333,4,S,0
12.333,4,E,0
12.333,4,W,0
12.333,5,N,0
12.333,5,S,0
12.333,5,E,0
12.333,5,W,1
12.333,6,N,0
12.333,6,S,0
12.333,6,E,0
12.333,6,W,0
12.333,7,N,0
12.333,7,S,0
12.333,7,E,0
12.333,7,W,0
12.333,8,N,0
12.333,8,S,0
12.333,8,E,0
12.333,8,W,0
12.333,9,N,0
12.333,9,S,0
12.333,9,E,0
12.333,9,W,0
12.333,10,N,0
12.333,10,S,0
12.333,10,E,0
12.333,10,W,0
12.333,11,N,0
12.333,11,S,0
12.333,11,E,0
12.333,11,W,0
12.417,0,N,0
12.417,0,S,0
12.417,0,E,0
12.417,0,W,0
12.417,1,N,0
12.417,1,S,1
12.417,1,E,0
12.417,1,W,0
12.417,2,N,0
12.417,2,S,0
12.417,2,E,0
12.417,2,W,0
12.417,3,N,0
12.417,3,S,0
12.417,3,E,0
12.417,3,W,0
12.417,4,N,0
12.417,4,S,1
12.417,4,E,0
12.417,4,W,0
12.417,5,N,0
12.417,5,S,1
12.417,5,E,0
12.417,5,W,0
12.417,6,N,0
12.417,6,S,0
12.417,6,E,0
12.417,6,W,0
12.417,7,N,0
12.417,7,S,1
12.417,7,E,0
12.417,7,W,0
12.417,8,N,1
12.417,8,S,0
12.417,8,E,1
12.417,8,W,0
12.417,9,N,0
12.417,9,S,0
12.417,9,E,0
12.417,9,W,0
12.417,10,N,0
12.417,10,S,0
12.417,10,E,1
12.417,10,W,0
12.417,11,N,0
12.417,11,S,0
12.417,11,E,0
12.417,11,W,0
12.5,0,N,0
12.5,0,S,1
12.5,0,E,0
12.5,0,W,1
12.5,1,N,0
12.5,1,S,0
12.5,1,E,0
12.5,1,W,0
12.5,2,N,0
12.5,2,S,0
12.5,2,E,0
12.5,2,W,0
12.5,3,N,0
12.5,3,S,0
12.5,3,E,0
12.5,3,W,0
12.5,4,N,0
12.5,4,S,0
12.5,4,E,0
12.5,4,W,0
12.5,5,N,0
12.5,5,S,0
12.5,5,E,0
12.5,5,W,0
12.5,6,N,0
12.5,6,S,1
12.5,6,E,0
12.5,6,W,0
12.5,7,N,1
12.5,7,S,0
12.5,7,E,0
12.5,7,W,0
12.5,8,N,0
12.5,8,S,0
12.5,8,E,1
12.5,8,W,0
12.5,9,N,0
12.5,9,S,0
12.5,9,E,0
12.5,9,W,0
12.5,10,N,0
12.5,10,S,0
12.5,10,E,0
12.5,10,W,0
12.5,11,N,0
12.5,11,S,0
12.5,11,E,0
12.5,11,W,0
12.583,0,N,0
12.583,0,S,1
12.583,0,E,0
12.583,0,W,0
12.583,1,N,0
12.583,1,S,0
12.583,1,E,0
12.583,1,W,0
12.583,2,N,0
12.583,2,S,0
12.583,2,E,0
12.583,2,W,0
12.583,3,N,0
12.583,3,S,0
12.583,3,E,0
12.583,3,W,0
12.583,4,N,0
12.583,4,S,1
12.583,4,E,1
12.583,4,W,0
12.583,5,N,0
12.583,5,S,0
12.583,5,E,0
12.583,5,W,0
12.583,6,N,0
12.583,6,S,0
12.583,6,E,1
12.583,6,W,0
12.583,7,N,0
12.583,7,S,0
12.583,7,E,0
12.583,7,W,0
12.583,8,N,1
12.583,8,S,0
12.583,8,E,1
12.583,8,W,1
12.583,9,N,0
12.583,9,S,1
12.583,9,E,0
12.583,9,W,0
12.583,10,N,0
12.583,10,S,0
12.583,10,E,0
12.583,10,W,0
12.583,11,N,0
12.583,11,S,0
12.583,11,E,1
12.583,11,W,1
12.667,0,N,0
12.667,0,S,1
12.667,0,E,0
12.667,0,W,1
12.667,1,N,0
12.667,1,S,0
12.667,1,E,0
12.667,1,W,0
12.667,2,N,0
12.667,2,S,0
12.667,2,E,0
12.667,2,W,0
12.667,3,N,0
12.667,3,S,0
12.667,3,E,0
12.667,3,W,0
12.667,4,N,0
12.667,4,S,0
12.667,4,E,0
12.667,4,W,0
12.667,5,N,0
12.667,5,S,0
12.667,5,E,0
12.667,5,W,0
12.667,6,N,0
12.667,6,S,0
12.667,6,E,0
12.667,6,W,0
12.667,7,N,0
12.667,7,S,0
12.667,7,E,1
12.667,7,W,0
12.667,8,N,0
12.667,8,S,0
12.667,8,E,0
12.667,8,W,0
12.667,9,N,0
12.667,9,S,0
12.667,9,E,0
12.667,9,W,1
12.667,10,N,0
12.667,10,S,1
12.667,10,E,0
12.667,10,W,0
12.667,11,N,0
12.667,11,S,0
12.667,11,E,0
12.667,11,W,1
12.75,0,N,0
12.75,0,S,0
12.75,0,E,1
12.75,0,W,0
12.75,1,N,0
12.75,1,S,0
12.75,1,E,0
12.75,1,W,1
12.75,2,N,0
12.75,2,S,0
12.75,2,E,0
12.75,2,W,0
12.75,3,N,0
12.75,3,S,0
12.75,3,E,0
12.75,3,W,0
12.75,4,N,0
12.75,4,S,1
12.75,4,E,1
12.75,4,W,0
12.75,5,N,0
12.75,5,S,0
12.75,5,E,0
12.75,5,W,0
12.75,6,N,0
12.75,6,S,0
12.75,6,E,1
12.75,6,W,0
12.75,7,N,0
12.75,7,S,0
12.75,7,E,0
12.75,7,W,0
12.75,8,N,0
12.75,8,S,0
12.75,8,E,1
12.75,8,W,0
12.75,9,N,0
12.75,9,S,0
12.75,9,E,1
12.75,9,W,0
12.75,10,N,1
12.75,10,S,1
12.75,10,E,0
12.75,10,W,0
12.75,11,N,1
12.75,11,S,0
12.75,11,E,0
12.75,11,W,0
12.833,0,N,0
12.833,0,S,1
12.833,0,E,0
12.833,0,W,0
12.833,1,N,0
12.833,1,S,0
12.833,1,E,0
12.833,1,W,0
12.833,2,N,0
12.833,2,S,0
12.833,2,E,0
12.833,2,W,0
12.833,3,N,0
12.833,3,S,0
12.833,3,E,0
12.833,3,W,0
12.833,4,N,1
12.833,4,S,0
12.833,4,E,0
12.833,4,W,0
12.833,5,N,0
12.833,5,S,0
12.833,5,E,0
12.833,5,W,0
12.833,6,N,0
12.833,6,S,0
12.833,6,E,0
12.833,6,W,0
12.833,7,N,1
12.833,7,S,0
12.833,7,E,0
12.833,7,W,0
12.833,8,N,0
12.833,8,S,0
12.833,8,E,0
12.833,8,W,0
12.833,9,N,1
12.833,9,S,0
12.833,9,E,0
12.833,9,W,0
12.833,10,N,0
12.833,10,S,0
12.833,10,E,0
12.833,10,W,0
12.833,11,N,0
12.833,11,S,0
12.833,11,E,0
12.833,11,W,0
12.917,0,N,0
12.917,0,S,0
12.917,0,E,0
12.917,0,W,0
12.917,1,N,0
12.917,1,S,1
12.917,1,E,0
12.917,1,W,0
12.917,2,N,0
12.917,2,S,0
12.917,2,E,0
12.917,2,W,1
12.917,3,N,0
12.917,3,S,0
12.917,3,E,0
12.917,3,W,0
12.917,4,N,0
12.917,4,S,0
12.917,4,E,0
12.917,4,W,0
12.917,5,N,1
12.917,5,S,0
12.917,5,E,1
12.917,5,W,0
12.917,6,N,0
12.917,6,S,0
12.917,6,E,0
12.917,6,W,0
12.917,7,N,0
12.917,7,S,0
12.917,7,E,0
12.917,7,W,0
12.917,8,N,0
12.917,8,S,0
12.917,8,E,0
12.917,8,W,0
12.917,9,N,0
12.917,9,S,0
12.917,9,E,0
12.917,9,W,0
12.917,10,N,0
12.917,10,S,0
12.917,10,E,0
12.917,10,W,0
12.917,11,N,0
12.917,11,S,0
12.917,11,E,0
12.917,11,W,0
13.0,0,N,0
13.0,0,S,1
13.0,0,E,1
13.0,0,W,0
13.0,1,N,0
13.0,1,S,0
13.0,1,E,0
13.0,1,W,0
13.0,2,N,0
13.0,2,S,0
13.0,2,E,0
13.0,2,W,0
13.0,3,N,0
13.0,3,S,0
13.0,3,E,0
13.0,3,W,0
13.0,4,N,0
13.0,4,S,0
13.0,4,E,0
13.0,4,W,0
13.0,5,N,0
13.0,5,S,0
13.0,5,E,0
13.0,5,W,1
13.0,6,N,1
13.0,6,S,0
13.0,6,E,0
13.0,6,W,0
13.0,7,N,0
13.0,7,S,0
13.0,7,E,0
13.0,7,W,0
13.0,8,N,0
13.0,8,S,0
13.0,8,E,0
13.0,8,W,0
13.0,9,N,0
13.0,9,S,0
13.0,9,E,0
13.0,9,W,0
13.0,10,N,0
13.0,10,S,0
13.0,10,E,0
13.0,10,W,0
13.0,11,N,0
13.0,11,S,0
13.0,11,E,0
13.0,11,W,0
13.083,0,N,0
13.083,0,S,0
13.083,0,E,0
13.083,0,W,1
13.083,1,N,0
13.083,1,S,1
13.083,1,E,1
13.083,1,W,0
13.083,2,N,0
13.083,2,S,0
13.083,2,E,0
13.083,2,W,0
13.083,3,N,0
13.083,3,S,0
13.083,3,E,0
13.083,3,W,1
13.083,4,N,0
13.083,4,S,0
13.083,4,E,0
13.083,4,W,0
13.083,5,N,0
13.083,5,S,0
13.083,5,E,0
13.083,5,W,0
13.083,6,N,0
13.083,6,S,0
13.083,6,E,0
13.083,6,W,0
13.083,7,N,0
13.083,7,S,0
13.083,7,E,0
13.083,7,W,0
13.083,8,N,0
13.083,8,S,0
13.083,8,E,0
13.083,8,W,0
13.083,9,N,1
13.083,9,S,0
13.083,9,E,0
13.083,9,W,0
13.083,10,N,0
13.083,10,S,0
13.083,10,E,0
13.083,10,W,1
13.083,11,N,0
13.083,11,S,0
13.083,11,E,0
13.083,11,W,0
13.167,0,N,0
13.167,0,S,0
13.167,0,E,0
13.167,0,W,0
13.167,1,N,0
13.167,1,S,0
13.167,1,E,0
13.167,1,W,0
13.167,2,N,0
13.167,2,S,0
13.167,2,E,0
13.167,2,W,0
13.167,3,N,0
13.167,3,S,0
13.167,3,E,1
13.167,3,W,0
13.167,4,N,0
13.167,4,S,0
13.167,4,E,0
13.167,4,W,0
13.167,5,N,0
13.167,5,S,1
13.167,5,E,0
13.167,5,W,0
13.167,6,N,0
13.167,6,S,1
13.167,6,E,0
13.167,6,W,0
13.167,7,N,0
13.167,7,S,0
13.167,7,E,0
13.167,7,W,0
13.167,8,N,0
13.167,8,S,0
13.167,8,E,0
13.167,8,W,0
13.167,9,N,0
13.167,9,S,0
13.167,9,E,1
13.167,9,W,1
13.167,10,N,0
13.167,10,S,0
13.167,10,E,0
13.167,10,W,0
13.167,11,N,0
13.167,11,S,0
13.167,11,E,0
13.167,11,W,0
13.25,0,N,0
13.25,0,S,0
13.25,0,E,0
13.25,0,W,0
13.25,1,N,0
13.25,1,S,0
13.25,1,E,0
13.25,1,W,0
13.25,2,N,0
13.25,2,S,0
13.25,2,E,0
13.25,2,W,0
13.25,3,N,0
13.25,3,S,0
13.25,3,E,0
13.25,3,W,0
13.25,4,N,0
13.25,4,S,0
13.25,4,E,0
13.25,4,W,0
13.25,5,N,0
13.25,5,S,0
13.25,5,E,0
13.25,5,W,0
13.25,6,N,0
13.25,6,S,0
13.25,6,E,0
13.25,6,W,1
13.25,7,N,0
13.25,7,S,0
13.25,7,E,0
13.25,7,W,0
13.25,8,N,0
13.25,8,S,0
13.25,8,E,0
13.25,8,W,0
13.25,9,N,0
13.25,9,S,0
13.25,9,E,0
13.25,9,W,0
13.25,10,N,0
13.25,10,S,0
13.25,10,E,0
13.25,10,W,0
13.25,11,N,0
13.25,11,S,1
13.25,11,E,0
13.25,11,W,0
13.333,0,N,0
13.333,0,S,0
13.333,0,E,0
13.333,0,W,0
13.333,1,N,0
13.333,1,S,0
13.333,1,E,0
13.333,1,W,0
13.333,2,N,0
13.333,2,S,0
13.333,2,E,0
13.333,2,W,0
13.333,3,N,0
13.333,3,S,1
13.333,3,E,0
13.333,3,W,0
13.333,4,N,0
13.333,4,S,0
13.333,4,E,1
13.333,4,W,1
13.333,5,N,0
13.333,5,S,0
13.333,5,E,0
13.333,5,W,0
13.333,6,N,0
13.333,6,S,0
13.333,6,E,0
13.333,6,W,0
13.333,7,N,0
13.333,7,S,0
13.333,7,E,0
13.333,7,W,0
13.333,8,N,0
13.333,8,S,0
13.333,8,E,0
13.333,8,W,0
13.333,9,N,0
13.333,9,S,1
13.333,9,E,0
13.333,9,W,0
13.333,10,N,0
13.333,10,S,0
13.333,10,E,0
13.333,10,W,0
13.333,11,N,1
13.333,11,S,0
13.333,11,E,0
13.333,11,W,0
13.417,0,N,0
13.417,0,S,0
13.417,0,E,0
13.417,0,W,0
13.417,1,N,0
13.417,1,S,0
13.417,1,E,0
13.417,1,W,1
13.417,2,N,0
13.417,2,S,1
13.417,2,E,0
13.417,2,W,0
13.417,3,N,0
13.417,3,S,1
13.417,3,E,0
13.417,3,W,0
13.417,4,N,0
13.417,4,S,0
13.417,4,E,0
13.417,4,W,0
13.417,5,N,0
13.417,5,S,0
13.417,5,E,1
13.417,5,W,0
13.417,6,N,0
13.417,6,S,0
13.417,6,E,0
13.417,6,W,0
13.417,7,N,0
13.417,7,S,0
13.417,7,E,0
13.417,7,W,0
13.417,8,N,0
13.417,8,S,0
13.417,8,E,0
13.417,8,W,0
13.417,9,N,0
13.417,9,S,0
13.417,9,E,0
13.417,9,W,0
13.417,10,N,0
13.417,10,S,0
13.417,10,E,0
13.417,10,W,0
13.417,11,N,0
13.417,11,S,0
13.417,11,E,0
13.417,11,W,0
13.5,0,N,0
13.5,0,S,1
13.5,0,E,0
13.5,0,W,0
13.5,1,N,0
13.5,1,S,1
13.5,1,E,0
13.5,1,W,0
13.5,2,N,0
13.5,2,S,0
13.5,2,E,0
13.5,2,W,0
13.5,3,N,0
13.5,3,S,1
13.5,3,E,1
13.5,3,W,1
13.5,4,N,0
13.5,4,S,0
13.5,4,E,0
13.5,4,W,1
13.5,5,N,0
13.5,5,S,0
13.5,5,E,0
13.5,5,W,0
13.5,6,N,0
13.5,6,S,0
13.5,6,E,0
13.5,6,W,0
13.5,7,N,0
13.5,7,S,0
13.5,7,E,1
13.5,7,W,0
13.5,8,N,0
13.5,8,S,0
13.5,8,E,0
13.5,8,W,0
13.5,9,N,0
13.5,9,S,1
13.5,9,E,0
13.5,9,W,0
13.5,10,N,0
13.5,10,S,0
13.5,10,E,0
13.5,10,W,0
13.5,11,N,0
13.5,11,S,0
13.5,11,E,0
13.5,11,W,0
13.583,0,N,0
13.583,0,S,1
13.583,0,E,0
13.583,0,W,0
13.583,1,N,0
13.583,1,S,0
13.583,1,E,0
13.583,1,W,1
13.583,2,N,1
13.583,2,S,0
13.583,2,E,0
13.583,2,W,0
13.583,3,N,0
13.583,3,S,0
13.583,3,E,0
13.583,3,W,0
13.583,4,N,0
13.583,4,S,0
13.583,4,E,0
13.583,4,W,1
13.583,5,N,0
13.583,5,S,0
13.583,5,E,0
13.583,5,W,0
13.583,6,N,0
13.583,6,S,0
13.583,6,E,0
13.583,6,W,0
13.583,7,N,0
13.583,7,S,0
13.583,7,E,0
13.583,7,W,0
13.583,8,N,1
13.583,8,S,0
13.583,8,E,0
13.583,8,W,0
13.583,9,N,0
13.583,9,S,1
13.583,9,E,1
13.583,9,W,0
13.583,10,N,0
13.583,10,S,0
13.583,10,E,0
13.583,10,W,1
13.583,11,N,1
13.583,11,S,0
13.583,11,E,0
13.583,11,W,0
13.667,0,N,0
13.667,0,S,0
13.667,0,E,0
13.667,0,W,0
13.667,1,N,0
13.667,1,S,0
13.667,1,E,0
13.667,1,W,1
13.667,2,N,0
13.667,2,S,0
13.667,2,E,0
13.667,2,W,0
13.667,3,N,0
13.667,3,S,0
13.667,3,E,1
13.667,3,W,1
13.667,4,N,1
13.667,4,S,0
13.667,4,E,0
13.667,4,W,0
13.667,5,N,0
13.667,5,S,0
13.667,5,E,0
13.667,5,W,0
13.667,6,N,0
13.667,6,S,0
13.667,6,E,0
13.667,6,W,0
13.667,7,N,0
13.667,7,S,0
13.667,7,E,0
13.667,7,W,0
13.667,8,N,0
13.667,8,S,0
13.667,8,E,0
13.667,8,W,0
13.667,9,N,0
13.667,9,S,0
13.667,9,E,0
13.667,9,W,0
13.667,10,N,0
13.667,10,S,0
13.667,10,E,0
13.667,10,W,0
13.667,11,N,0
13.667,11,S,0
13.667,11,E,0
13.667,11,W,0
13.75,0,N,0
13.75,0,S,0
13.75,0,E,0
13.75,0,W,0
13.75,1,N,0
13.75,1,S,0
13.75,1,E,0
13.75,1,W,0
13.75,2,N,0
13.75,2,S,0
13.75,2,E,0
13.75,2,W,0
13.75,3,N,0
13.75,3,S,0
13.75,3,E,0
13.75,3,W,0
13.75,4,N,0
13.75,4,S,0
13.75,4,E,0
13.75,4,W,0
13.75,5,N,0
13.75,5,S,0
13.75,5,E,0
13.75,5,W,0
13.75,6,N,0
13.75,6,S,0
13.75,6,E,0
13.75,6,W,0
13.75,7,N,0
13.75,7,S,1
13.75,7,E,0
13.75,7,W,0
13.75,8,N,0
13.75,8,S,0
13.75,8,E,0
13.75,8,W,0
13.75,9,N,0
13.75,9,S,0
13.75,9,E,0
13.75,9,W,0
13.75,10,N,0
13.75,10,S,1
13.75,10,E,0
13.75,10,W,0
13.75,11,N,0
13.75,11,S,0
13.75,11,E,0
13.75,11,W,0
13.833,0,N,0
13.833,0,S,0
13.833,0,E,0
13.833,0,W,0
13.833,1,N,0
13.833,1,S,0
13.833,1,E,0
13.833,1,W,0
13.833,2,N,0
13.833,2,S,0
13.833,2,E,0
13.833,2,W,0
13.833,3,N,0
13.833,3,S,0
13.833,3,E,0
13.833,3,W,1
13.833,4,N,0
13.833,4,S,0
13.833,4,E,0
13.833,4,W,0
13.833,5,N,0
13.833,5,S,0
13.833,5,E,0
13.833,5,W,0
13.833,6,N,0
13.833,6,S,0
13.833,6,E,0
13.833,6,W,0
13.833,7,N,0
13.833,7,S,0
13.833,7,E,0
13.833,7,W,0
13.833,8,N,0
13.833,8,S,1
13.833,8,E,0
13.833,8,W,0
13.833,9,N,1
13.833,9,S,0
13.833,9,E,0
13.833,9,W,0
13.833,10,N,0
13.833,10,S,0
13.833,10,E,0
13.833,10,W,0
13.833,11,N,0
13.833,11,S,0
13.833,11,E,0
13.833,11,W,0
13.917,0,N,1
13.917,0,S,0
13.917,0,E,0
13.917,0,W,0
13.917,1,N,1
13.917,1,S,0
13.917,1,E,0
13.917,1,W,1
13.917,2,N,0
13.917,2,S,0
13.917,2,E,0
13.917,2,W,0
13.917,3,N,0
13.917,3,S,0
13.917,3,E,0
13.917,3,W,0
13.917,4,N,0
13.917,4,S,0
13.917,4,E,0
13.917,4,W,0
13.917,5,N,0
13.917,5,S,1
13.917,5,E,0
13.917,5,W,0
13.917,6,N,0
13.917,6,S,0
13.917,6,E,0
13.917,6,W,0
13.917,7,N,0
13.917,7,S,0
13.917,7,E,0
13.917,7,W,0
13.917,8,N,0
13.917,8,S,0
13.917,8,E,0
13.917,8,W,0
13.917,9,N,0
13.917,9,S,0
13.917,9,E,0
13.917,9,W,0
13.917,10,N,0
13.917,10,S,1
13.917,10,E,0
13.917,10,W,0
13.917,11,N,0
13.917,11,S,0
13.917,11,E,0
13.917,11,W,0
14.0,0,N,0
14.0,0,S,1
14.0,0,E,0
14.0,0,W,0
14.0,1,N,0
14.0,1,S,1
14.0,1,E,0
14.0,1,W,0
14.0,2,N,0
14.0,2,S,0
14.0,2,E,0
14.0,2,W,0
14.0,3,N,0
14.0,3,S,0
14.0,3,E,0
14.0,3,W,0
14.0,4,N,0
14.0,4,S,0
14.0,4,E,0
14.0,4,W,0
14.0,5,N,0
14.0,5,S,0
14.0,5,E,0
14.0,5,W,0
14.0,6,N,0
14.0,6,S,0
14.0,6,E,0
14.0,6,W,0
14.0,7,N,0
14.0,7,S,0
14.0,7,E,0
14.0,7,W,0
14.0,8,N,0
14.0,8,S,0
14.0,8,E,0
14.0,8,W,0
14.0,9,N,1
14.0,9,S,0
14.0,9,E,1
14.0,9,W,0
14.0,10,N,1
14.0,10,S,0
14.0,10,E,0
14.0,10,W,0
14.0,11,N,1
14.0,11,S,0
14.0,11,E,0
14.0,11,W,1
14.083,0,N,0
14.083,0,S,0
14.083,0,E,0
14.083,0,W,0
14.083,1,N,0
14.083,1,S,0
14.083,1,E,0
14.083,1,W,0
14.083,2,N,0
14.083,2,S,0
14.083,2,E,0
14.083,2,W,0
14.083,3,N,0
14.083,3,S,0
14.083,3,E,0
14.083,3,W,0
14.083,4,N,0
14.083,4,S,0
14.083,4,E,0
14.083,4,W,0
14.083,5,N,0
14.083,5,S,0
14.083,5,E,0
14.083,5,W,0
14.083,6,N,0
14.083,6,S,1
14.083,6,E,0
14.083,6,W,0
14.083,7,N,0
14.083,7,S,0
14.083,7,E,0
14.083,7,W,0
14.083,8,N,0
14.083,8,S,0
14.083,8,E,0
14.083,8,W,0
14.083,9,N,0
14.083,9,S,1
14.083,9,E,0
14.083,9,W,0
14.083,10,N,0
14.083,10,S,0
14.083,10,E,0
14.083,10,W,0
14.083,11,N,0
14.083,11,S,0
14.083,11,E,0
14.083,11,W,1
14.167,0,N,1
14.167,0,S,0
14.167,0,E,0
14.167,0,W,0
14.167,1,N,0
14.167,1,S,0
14.167,1,E,0
14.167,1,W,0
14.167,2,N,0
14.167,2,S,0
14.167,2,E,0
14.167,2,W,3
14.167,3,N,0
14.167,3,S,0
14.167,3,E,1
14.167,3,W,0
14.167,4,N,1
14.167,4,S,0
14.167,4,E,0
14.167,4,W,0
14.167,5,N,0
14.167,5,S,0
14.167,5,E,0
14.167,5,W,1
14.167,6,N,0
14.167,6,S,0
14.167,6,E,0
14.167,6,W,1
14.167,7,N,0
14.167,7,S,0
14.167,7,E,0
14.167,7,W,0
14.167,8,N,1
14.167,8,S,0
14.167,8,E,0
14.167,8,W,1
14.167,9,N,0
14.167,9,S,0
14.167,9,E,1
14.167,9,W,0
14.167,10,N,1
14.167,10,S,0
14.167,10,E,0
14.167,10,W,0
14.167,11,N,1
14.167,11,S,0
14.167,11,E,0
14.167,11,W,0
14.25,0,N,0
14.25,0,S,0
14.25,0,E,0
14.25,0,W,0
14.25,1,N,0
14.25,1,S,0
14.25,1,E,0
14.25,1,W,0
14.25,2,N,1
14.25,2,S,1
14.25,2,E,0
14.25,2,W,0
14.25,3,N,0
14.25,3,S,0
14.25,3,E,0
14.25,3,W,0
14.25,4,N,0
14.25,4,S,1
14.25,4,E,0
14.25,4,W,0
14.25,5,N,0
14.25,5,S,0
14.25,5,E,0
14.25,5,W,0
14.25,6,N,2
14.25,6,S,0
14.25,6,E,0
14.25,6,W,0
14.25,7,N,0
14.25,7,S,0
14.25,7,E,0
14.25,7,W,0
14.25,8,N,0
14.25,8,S,0
14.25,8,E,0
14.25,8,W,0
14.25,9,N,0
14.25,9,S,0
14.25,9,E,0
14.25,9,W,0
14.25,10,N,0
14.25,10,S,0
14.25,10,E,0
14.25,10,W,0
14.25,11,N,1
14.25,11,S,1
14.25,11,E,0
14.25,11,W,0
14.333,0,N,0
14.333,0,S,0
14.333,0,E,0
14.333,0,W,0
14.333,1,N,0
14.333,1,S,0
14.333,1,E,0
14.333,1,W,0
14.333,2,N,0
14.333,2,S,0
14.333,2,E,0
14.333,2,W,1
14.333,3,N,0
14.333,3,S,0
14.333,3,E,0
14.333,3,W,0
14.333,4,N,0
14.333,4,S,0
14.333,4,E,0
14.333,4,W,0
14.333,5,N,0
14.333,5,S,0
14.333,5,E,1
14.333,5,W,0
14.333,6,N,0
14.333,6,S,0
14.333,6,E,0
14.333,6,W,0
14.333,7,N,0
14.333,7,S,1
14.333,7,E,0
14.333,7,W,1
14.333,8,N,0
14.333,8,S,0
14.333,8,E,0
14.333,8,W,0
14.333,9,N,0
14.333,9,S,0
14.333,9,E,0
14.333,9,W,0
14.333,10,N,0
14.333,10,S,0
14.333,10,E,0
14.333,10,W,0
14.333,11,N,1
14.333,11,S,0
14.333,11,E,1
14.333,11,W,0
14.417,0,N,0
14.417,0,S,0
14.417,0,E,0
14.417,0,W,1
14.417,1,N,0
14.417,1,S,0
14.417,1,E,0
14.417,1,W,0
14.417,2,N,0
14.417,2,S,0
14.417,2,E,0
14.417,2,W,0
14.417,3,N,0
14.417,3,S,0
14.417,3,E,0
14.417,3,W,0
14.417,4,N,1
14.417,4,S,1
14.417,4,E,0
14.417,4,W,0
14.417,5,N,0
14.417,5,S,0
14.417,5,E,0
14.417,5,W,0
14.417,6,N,0
14.417,6,S,0
14.417,6,E,0
14.417,6,W,0
14.417,7,N,0
14.417,7,S,0
14.417,7,E,0
14.417,7,W,0
14.417,8,N,1
14.417,8,S,0
14.417,8,E,0
14.417,8,W,0
14.417,9,N,0
14.417,9,S,1
14.417,9,E,0
14.417,9,W,0
14.417,10,N,0
14.417,10,S,0
14.417,10,E,0
14.417,10,W,0
14.417,11,N,0
14.417,11,S,0
14.417,11,E,0
14.417,11,W,0
14.5,0,N,0
14.5,0,S,0
14.5,0,E,1
14.5,0,W,0
14.5,1,N,0
14.5,1,S,1
14.5,1,E,0
14.5,1,W,0
14.5,2,N,1
14.5,2,S,0
14.5,2,E,1
14.5,2,W,0
14.5,3,N,0
14.5,3,S,1
14.5,3,E,0
14.5,3,W,0
14.5,4,N,0
14.5,4,S,0
14.5,4,E,1
14.5,4,W,0
14.5,5,N,0
14.5,5,S,0
14.5,5,E,0
14.5,5,W,1
14.5,6,N,0
14.5,6,S,0
14.5,6,E,0
14.5,6,W,0
14.5,7,N,0
14.5,7,S,0
14.5,7,E,0
14.5,7,W,0
14.5,8,N,0
14.5,8,S,0
14.5,8,E,0
14.5,8,W,0
14.5,9,N,0
14.5,9,S,0
14.5,9,E,0
14.5,9,W,0
14.5,10,N,0
14.5,10,S,0
14.5,10,E,0
14.5,10,W,0
14.5,11,N,0
14.5,11,S,0
14.5,11,E,0
14.5,11,W,1
14.583,0,N,0
14.583,0,S,0
14.583,0,E,0
14.583,0,W,1
14.583,1,N,0
14.583,1,S,0
14.583,1,E,0
14.583,1,W,1
14.583,2,N,0
14.583,2,S,0
14.583,2,E,0
14.583,2,W,0
14.583,3,N,0
14.583,3,S,2
14.583,3,E,0
14.583,3,W,0
14.583,4,N,1
14.583,4,S,0
14.583,4,E,0
14.583,4,W,0
14.583,5,N,0
14.583,5,S,1
14.583,5,E,0
14.583,5,W,0
14.583,6,N,0
14.583,6,S,0
14.583,6,E,0
14.583,6,W,0
14.583,7,N,1
14.583,7,S,0
14.583,7,E,0
14.583,7,W,0
14.583,8,N,0
14.583,8,S,0
14.583,8,E,0
14.583,8,W,0
14.583,9,N,0
14.583,9,S,1
14.583,9,E,0
14.583,9,W,0
14.583,10,N,0
14.583,10,S,0
14.583,10,E,0
14.583,10,W,0
14.583,11,N,0
14.583,11,S,1
14.583,11,E,0
14.583,11,W,0
14.667,0,N,0
14.667,0,S,2
14.667,0,E,0
14.667,0,W,0
14.667,1,N,0
14.667,1,S,0
14.667,1,E,0
14.667,1,W,0
14.667,2,N,0
14.667,2,S,0
14.667,2,E,1
14.667,2,W,0
14.667,3,N,0
14.667,3,S,0
14.667,3,E,0
14.667,3,W,0
14.667,4,N,1
14.667,4,S,0
14.667,4,E,1
14.667,4,W,0
14.667,5,N,0
14.667,5,S,0
14.667,5,E,0
14.667,5,W,0
14.667,6,N,0
14.667,6,S,0
14.667,6,E,0
14.667,6,W,0
14.667,7,N,1
14.667,7,S,0
14.667,7,E,0
14.667,7,W,0
14.667,8,N,0
14.667,8,S,1
14.667,8,E,0
14.667,8,W,0
14.667,9,N,0
14.667,9,S,2
14.667,9,E,1
14.667,9,W,0
14.667,10,N,0
14.667,10,S,0
14.667,10,E,0
14.667,10,W,0
14.667,11,N,0
14.667,11,S,0
14.667,11,E,0
14.667,11,W,0
14.75,0,N,2
14.75,0,S,0
14.75,0,E,0
14.75,0,W,0
14.75,1,N,0
14.75,1,S,0
14.75,1,E,0
14.75,1,W,0
14.75,2,N,3
14.75,2,S,0
14.75,2,E,0
14.75,2,W,0
14.75,3,N,0
14.75,3,S,0
14.75,3,E,0
14.75,3,W,0
14.75,4,N,0
14.75,4,S,0
14.75,4,E,0
14.75,4,W,0
14.75,5,N,0
14.75,5,S,0
14.75,5,E,0
14.75,5,W,0
14.75,6,N,0
14.75,6,S,0
14.75,6,E,1
14.75,6,W,0
14.75,7,N,0
14.75,7,S,0
14.75,7,E,0
14.75,7,W,0
14.75,8,N,2
14.75,8,S,0
14.75,8,E,0
14.75,8,W,0
14.75,9,N,0
14.75,9,S,1
14.75,9,E,2
14.75,9,W,0
14.75,10,N,1
14.75,10,S,0
14.75,10,E,0
14.75,10,W,0
14.75,11,N,0
14.75,11,S,0
14.75,11,E,1
14.75,11,W,0
14.833,0,N,1
14.833,0,S,2
14.833,0,E,0
14.833,0,W,2
14.833,1,N,1
14.833,1,S,0
14.833,1,E,0
14.833,1,W,2
14.833,2,N,2
14.833,2,S,0
14.833,2,E,0
14.833,2,W,0
14.833,3,N,0
14.833,3,S,0
14.833,3,E,0
14.833,3,W,0
14.833,4,N,0
14.833,4,S,0
14.833,4,E,0
14.833,4,W,0
14.833,5,N,2
14.833,5,S,0
14.833,5,E,1
14.833,5,W,0
14.833,6,N,0
14.833,6,S,0
14.833,6,E,0
14.833,6,W,1
14.833,7,N,2
14.833,7,S,1
14.833,7,E,0
14.833,7,W,0
14.833,8,N,0
14.833,8,S,0
14.833,8,E,0
14.833,8,W,1
14.833,9,N,0
14.833,9,S,0
14.833,9,E,0
14.833,9,W,0
14.833,10,N,0
14.833,10,S,0
14.833,10,E,0
14.833,10,W,1
14.833,11,N,0
14.833,11,S,0
14.833,11,E,0
14.833,11,W,1
14.917,0,N,2
14.917,0,S,0
14.917,0,E,0
14.917,0,W,0
14.917,1,N,0
14.917,1,S,0
14.917,1,E,1
14.917,1,W,0
14.917,2,N,0
14.917,2,S,0
14.917,2,E,0
14.917,2,W,1
14.917,3,N,0
14.917,3,S,0
14.917,3,E,0
14.917,3,W,0
14.917,4,N,0
14.917,4,S,0
14.917,4,E,0
14.917,4,W,2
14.917,5,N,0
14.917,5,S,1
14.917,5,E,0
14.917,5,W,0
14.917,6,N,1
14.917,6,S,0
14.917,6,E,2
14.917,6,W,1
14.917,7,N,1
14.917,7,S,0
14.917,7,E,0
14.917,7,W,0
14.917,8,N,0
14.917,8,S,1
14.917,8,E,1
14.917,8,W,0
14.917,9,N,0
14.917,9,S,0
14.917,9,E,0
14.917,9,W,0
14.917,10,N,0
14.917,10,S,0
14.917,10,E,0
14.917,10,W,1
14.917,11,N,0
14.917,11,S,1
14.917,11,E,0
14.917,11,W,0
15.0,0,N,0
15.0,0,S,1
15.0,0,E,1
15.0,0,W,0
15.0,1,N,0
15.0,1,S,0
15.0,1,E,0
15.0,1,W,1
15.0,2,N,0
15.0,2,S,0
15.0,2,E,0
15.0,2,W,0
15.0,3,N,0
15.0,3,S,0
15.0,3,E,0
15.0,3,W,0
15.0,4,N,0
15.0,4,S,1
15.0,4,E,0
15.0,4,W,0
15.0,5,N,1
15.0,5,S,0
15.0,5,E,0
15.0,5,W,0
15.0,6,N,0
15.0,6,S,1
15.0,6,E,0
15.0,6,W,0
15.0,7,N,1
15.0,7,S,0
15.0,7,E,1
15.0,7,W,0
15.0,8,N,0
15.0,8,S,1
15.0,8,E,0
15.0,8,W,0
15.0,9,N,1
15.0,9,S,1
15.0,9,E,0
15.0,9,W,0
15.0,10,N,0
15.0,10,S,0
15.0,10,E,0
15.0,10,W,1
15.0,11,N,0
15.0,11,S,0
15.0,11,E,0
15.0,11,W,0
15.083,0,N,0
15.083,0,S,1
15.083,0,E,1
15.083,0,W,0
15.083,1,N,0
15.083,1,S,0
15.083,1,E,0
15.083,1,W,1
15.083,2,N,0
15.083,2,S,0
15.083,2,E,0
15.083,2,W,1
15.083,3,N,0
15.083,3,S,0
15.083,3,E,1
15.083,3,W,0
15.083,4,N,0
15.083,4,S,1
15.083,4,E,0
15.083,4,W,0
15.083,5,N,1
15.083,5,S,0
15.083,5,E,0
15.083,5,W,0
15.083,6,N,0
15.083,6,S,0
15.083,6,E,1
15.083,6,W,0
15.083,7,N,0
15.083,7,S,0
15.083,7,E,0
15.083,7,W,0
15.083,8,N,0
15.083,8,S,0
15.083,8,E,0
15.083,8,W,0
15.083,9,N,0
15.083,9,S,0
15.083,9,E,0
15.083,9,W,1
15.083,10,N,0
15.083,10,S,1
15.083,10,E,2
15.083,10,W,0
15.083,11,N,0
15.083,11,S,0
15.083,11,E,0
15.083,11,W,1
15.167,0,N,0
15.167,0,S,0
15.167,0,E,0
15.167,0,W,0
15.167,1,N,1
15.167,1,S,0
15.167,1,E,0
15.167,1,W,0
15.167,2,N,1
15.167,2,S,1
15.167,2,E,0
15.167,2,W,1
15.167,3,N,0
15.167,3,S,1
15.167,3,E,0
15.167,3,W,0
15.167,4,N,0
15.167,4,S,0
15.167,4,E,1
15.167,4,W,1
15.167,5,N,0
15.167,5,S,0
15.167,5,E,0
15.167,5,W,0
15.167,6,N,0
15.167,6,S,0
15.167,6,E,0
15.167,6,W,0
15.167,7,N,0
15.167,7,S,0
15.167,7,E,0
15.167,7,W,1
15.167,8,N,1
15.167,8,S,0
15.167,8,E,1
15.167,8,W,0
15.167,9,N,0
15.167,9,S,0
15.167,9,E,0
15.167,9,W,0
15.167,10,N,2
15.167,10,S,1
15.167,10,E,1
15.167,10,W,1
15.167,11,N,0
15.167,11,S,1
15.167,11,E,0
15.167,11,W,0
15.25,0,N,0
15.25,0,S,1
15.25,0,E,0
15.25,0,W,0
15.25,1,N,0
15.25,1,S,0
15.25,1,E,0
15.25,1,W,0
15.25,2,N,0
15.25,2,S,0
15.25,2,E,0
15.25,2,W,0
15.25,3,N,0
15.25,3,S,0
15.25,3,E,0
15.25,3,W,0
15.25,4,N,1
15.25,4,S,0
15.25,4,E,0
15.25,4,W,1
15.25,5,N,0
15.25,5,S,0
15.25,5,E,0
15.25,5,W,1
15.25,6,N,0
15.25,6,S,1
15.25,6,E,1
15.25,6,W,1
15.25,7,N,0
15.25,7,S,1
15.25,7,E,0
15.25,7,W,0
15.25,8,N,1
15.25,8,S,0
15.25,8,E,1
15.25,8,W,0
15.25,9,N,0
15.25,9,S,0
15.25,9,E,1
15.25,9,W,0
15.25,10,N,0
15.25,10,S,0
15.25,10,E,2
15.25,10,W,0
15.25,11,N,0
15.25,11,S,0
15.25,11,E,0
15.25,11,W,0
15.333,0,N,0
15.333,0,S,0
15.333,0,E,1
15.333,0,W,0
15.333,1,N,1
15.333,1,S,0
15.333,1,E,0
15.333,1,W,0
15.333,2,N,2
15.333,2,S,2
15.333,2,E,0
15.333,2,W,1
15.333,3,N,0
15.333,3,S,1
15.333,3,E,0
15.333,3,W,0
15.333,4,N,2
15.333,4,S,0
15.333,4,E,0
15.333,4,W,0
15.333,5,N,0
15.333,5,S,0
15.333,5,E,2
15.333,5,W,0
15.333,6,N,0
15.333,6,S,0
15.333,6,E,0
15.333,6,W,1
15.333,7,N,0
15.333,7,S,0
15.333,7,E,0
15.333,7,W,2
15.333,8,N,0
15.333,8,S,0
15.333,8,E,1
15.333,8,W,0
15.333,9,N,1
15.333,9,S,1
15.333,9,E,0
15.333,9,W,0
15.333,10,N,1
15.333,10,S,0
15.333,10,E,1
15.333,10,W,1
15.333,11,N,0
15.333,11,S,0
15.333,11,E,0
15.333,11,W,1
15.417,0,N,1
15.417,0,S,0
15.417,0,E,1
15.417,0,W,1
15.417,1,N,0
15.417,1,S,0
15.417,1,E,0
15.417,1,W,0
15.417,2,N,0
15.417,2,S,0
15.417,2,E,1
15.417,2,W,0
15.417,3,N,0
15.417,3,S,1
15.417,3,E,2
15.417,3,W,0
15.417,4,N,2
15.417,4,S,0
15.417,4,E,0
15.417,4,W,0
15.417,5,N,0
15.417,5,S,1
15.417,5,E,1
15.417,5,W,1
15.417,6,N,1
15.417,6,S,0
15.417,6,E,0
15.417,6,W,0
15.417,7,N,1
15.417,7,S,0
15.417,7,E,0
15.417,7,W,0
15.417,8,N,0
15.417,8,S,2
15.417,8,E,1
15.417,8,W,0
15.417,9,N,0
15.417,9,S,0
15.417,9,E,0
15.417,9,W,0
15.417,10,N,0
15.417,10,S,1
15.417,10,E,0
15.417,10,W,0
15.417,11,N,1
15.417,11,S,0
15.417,11,E,1
15.417,11,W,0
15.5,0,N,0
15.5,0,S,0
15.5,0,E,1
15.5,0,W,1
15.5,1,N,2
15.5,1,S,1
15.5,1,E,0
15.5,1,W,0
15.5,2,N,0
15.5,2,S,1
15.5,2,E,1
15.5,2,W,1
15.5,3,N,0
15.5,3,S,1
15.5,3,E,0
15.5,3,W,0
15.5,4,N,0
15.5,4,S,0
15.5,4,E,0
15.5,4,W,0
15.5,5,N,0
15.5,5,S,1
15.5,5,E,0
15.5,5,W,0
15.5,6,N,0
15.5,6,S,0
15.5,6,E,0
15.5,6,W,0
15.5,7,N,0
15.5,7,S,0
15.5,7,E,0
15.5,7,W,0
15.5,8,N,1
15.5,8,S,0
15.5,8,E,1
15.5,8,W,1
15.5,9,N,0
15.5,9,S,1
15.5,9,E,3
15.5,9,W,0
15.5,10,N,0
15.5,10,S,0
15.5,10,E,0
15.5,10,W,1
15.5,11,N,2
15.5,11,S,0
15.5,11,E,2
15.5,11,W,0
15.583,0,N,0
15.583,0,S,0
15.583,0,E,1
15.583,0,W,0
15.583,1,N,0
15.583,1,S,0
15.583,1,E,1
15.583,1,W,0
15.583,2,N,0
15.583,2,S,0
15.583,2,E,0
15.583,2,W,1
15.583,3,N,0
15.583,3,S,1
15.583,3,E,1
15.583,3,W,0
15.583,4,N,0
15.583,4,S,0
15.583,4,E,2
15.583,4,W,0
15.583,5,N,0
15.583,5,S,1
15.583,5,E,1
15.583,5,W,0
15.583,6,N,1
15.583,6,S,2
15.583,6,E,0
15.583,6,W,0
15.583,7,N,0
15.583,7,S,0
15.583,7,E,0
15.583,7,W,0
15.583,8,N,3
15.583,8,S,0
15.583,8,E,0
15.583,8,W,0
15.583,9,N,0
15.583,9,S,0
15.583,9,E,0
15.583,9,W,0
15.583,10,N,1
15.583,10,S,0
15.583,10,E,0
15.583,10,W,0
15.583,11,N,1
15.583,11,S,0
15.583,11,E,0
15.583,11,W,1
15.667,0,N,0
15.667,0,S,1
15.667,0,E,0
15.667,0,W,1
15.667,1,N,0
15.667,1,S,0
15.667,1,E,0
15.667,1,W,0
15.667,2,N,0
15.667,2,S,0
15.667,2,E,2
15.667,2,W,1
15.667,3,N,0
15.667,3,S,0
15.667,3,E,1
15.667,3,W,0
15.667,4,N,0
15.667,4,S,0
15.667,4,E,0
15.667,4,W,0
15.667,5,N,1
15.667,5,S,1
15.667,5,E,0
15.667,5,W,0
15.667,6,N,1
15.667,6,S,2
15.667,6,E,1
15.667,6,W,0
15.667,7,N,0
15.667,7,S,1
15.667,7,E,0
15.667,7,W,0
15.667,8,N,0
15.667,8,S,1
15.667,8,E,0
15.667,8,W,0
15.667,9,N,0
15.667,9,S,2
15.667,9,E,0
15.667,9,W,0
15.667,10,N,1
15.667,10,S,0
15.667,10,E,1
15.667,10,W,2
15.667,11,N,0
15.667,11,S,0
15.667,11,E,0
15.667,11,W,0
15.75,0,N,1
15.75,0,S,2
15.75,0,E,0
15.75,0,W,0
15.75,1,N,0
15.75,1,S,0
15.75,1,E,0
15.75,1,W,0
15.75,2,N,0
15.75,2,S,0
15.75,2,E,0
15.75,2,W,0
15.75,3,N,0
15.75,3,S,0
15.75,3,E,0
15.75,3,W,0
15.75,4,N,2
15.75,4,S,0
15.75,4,E,1
15.75,4,W,0
15.75,5,N,1
15.75,5,S,0
15.75,5,E,1
15.75,5,W,1
15.75,6,N,0
15.75,6,S,1
15.75,6,E,1
15.75,6,W,0
15.75,7,N,0
15.75,7,S,1
15.75,7,E,0
15.75,7,W,0
15.75,8,N,0
15.75,8,S,0
15.75,8,E,0
15.75,8,W,0
15.75,9,N,1
15.75,9,S,0
15.75,9,E,2
15.75,9,W,0
15.75,10,N,0
15.75,10,S,0
15.75,10,E,1
15.75,10,W,0
15.75,11,N,0
15.75,11,S,1
15.75,11,E,1
15.75,11,W,0
15.833,0,N,0
15.833,0,S,3
15.833,0,E,0
15.833,0,W,0
15.833,1,N,0
15.833,1,S,0
15.833,1,E,1
15.833,1,W,1
15.833,2,N,2
15.833,2,S,0
15.833,2,E,0
15.833,2,W,1
15.833,3,N,0
15.833,3,S,1
15.833,3,E,0
15.833,3,W,0
15.833,4,N,1
15.833,4,S,0
15.833,4,E,0
15.833,4,W,0
15.833,5,N,1
15.833,5,S,2
15.833,5,E,1
15.833,5,W,2
15.833,6,N,0
15.833,6,S,1
15.833,6,E,0
15.833,6,W,1
15.833,7,N,1
15.833,7,S,0
15.833,7,E,1
15.833,7,W,3
15.833,8,N,0
15.833,8,S,0
15.833,8,E,1
15.833,8,W,0
15.833,9,N,0
15.833,9,S,0
15.833,9,E,0
15.833,9,W,0
15.833,10,N,1
15.833,10,S,0
15.833,10,E,0
15.833,10,W,2
15.833,11,N,0
15.833,11,S,0
15.833,11,E,2
15.833,11,W,0
15.917,0,N,0
15.917,0,S,1
15.917,0,E,1
15.917,0,W,0
15.917,1,N,0
15.917,1,S,0
15.917,1,E,0
15.917,1,W,0
15.917,2,N,0
15.917,2,S,0
15.917,2,E,0
15.917,2,W,1
15.917,3,N,0
15.917,3,S,2
15.917,3,E,0
15.917,3,W,1
15.917,4,N,0
15.917,4,S,0
15.917,4,E,1
15.917,4,W,0
15.917,5,N,0
15.917,5,S,0
15.917,5,E,1
15.917,5,W,0
15.917,6,N,0
15.917,6,S,0
15.917,6,E,1
15.917,6,W,0
15.917,7,N,1
15.917,7,S,0
15.917,7,E,0
15.917,7,W,1
15.917,8,N,0
15.917,8,S,1
15.917,8,E,1
15.917,8,W,0
15.917,9,N,1
15.917,9,S,0
15.917,9,E,0
15.917,9,W,1
15.917,10,N,1
15.917,10,S,0
15.917,10,E,0
15.917,10,W,0
15.917,11,N,1
15.917,11,S,1
15.917,11,E,0
15.917,11,W,1
16.0,0,N,2
16.0,0,S,0
16.0,0,E,0
16.0,0,W,1
16.0,1,N,0
16.0,1,S,0
16.0,1,E,0
16.0,1,W,0
16.0,2,N,2
16.0,2,S,0
16.0,2,E,0
16.0,2,W,0
16.0,3,N,0
16.0,3,S,1
16.0,3,E,1
16.0,3,W,0
16.0,4,N,0
16.0,4,S,1
16.0,4,E,0
16.0,4,W,1
16.0,5,N,0
16.0,5,S,0
16.0,5,E,0
16.0,5,W,0
16.0,6,N,0
16.0,6,S,0
16.0,6,E,0
16.0,6,W,0
16.0,7,N,0
16.0,7,S,0
16.0,7,E,0
16.0,7,W,0
16.0,8,N,0
16.0,8,S,1
16.0,8,E,1
16.0,8,W,0
16.0,9,N,0
16.0,9,S,1
16.0,9,E,0
16.0,9,W,0
16.0,10,N,0
16.0,10,S,2
16.0,10,E,0
16.0,10,W,0
16.0,11,N,0
16.0,11,S,0
16.0,11,E,1
16.0,11,W,1
16.083,0,N,0
16.083,0,S,0
16.083,0,E,1
16.083,0,W,0
16.083,1,N,1
16.083,1,S,1
16.083,1,E,1
16.083,1,W,1
16.083,2,N,0
16.083,2,S,0
16.083,2,E,2
16.083,2,W,0
16.083,3,N,0
16.083,3,S,0
16.083,3,E,1
16.083,3,W,0
16.083,4,N,0
16.083,4,S,1
16.083,4,E,1
16.083,4,W,1
16.083,5,N,2
16.083,5,S,0
16.083,5,E,0
16.083,5,W,0
16.083,6,N,1
16.083,6,S,1
16.083,6,E,0
16.083,6,W,1
16.083,7,N,0
16.083,7,S,1
16.083,7,E,0
16.083,7,W,0
16.083,8,N,1
16.083,8,S,1
16.083,8,E,0
16.083,8,W,0
16.083,9,N,1
16.083,9,S,0
16.083,9,E,0
16.083,9,W,0
16.083,10,N,0
16.083,10,S,2
16.083,10,E,0
16.083,10,W,1
16.083,11,N,1
16.083,11,S,0
16.083,11,E,0
16.083,11,W,0
16.167,0,N,0
16.167,0,S,0
16.167,0,E,0
16.167,0,W,0
16.167,1,N,0
16.167,1,S,1
16.167,1,E,1
16.167,1,W,0
16.167,2,N,0
16.167,2,S,0
16.167,2,E,1
16.167,2,W,1
16.167,3,N,0
16.167,3,S,0
16.167,3,E,0
16.167,3,W,0
16.167,4,N,1
16.167,4,S,0
16.167,4,E,0
16.167,4,W,0
16.167,5,N,0
16.167,5,S,0
16.167,5,E,0
16.167,5,W,2
16.167,6,N,0
16.167,6,S,0
16.167,6,E,2
16.167,6,W,0
16.167,7,N,1
16.167,7,S,2
16.167,7,E,0
16.167,7,W,2
16.167,8,N,0
16.167,8,S,1
16.167,8,E,0
16.167,8,W,2
16.167,9,N,0
16.167,9,S,2
16.167,9,E,0
16.167,9,W,0
16.167,10,N,0
16.167,10,S,1
16.167,10,E,3
16.167,10,W,0
16.167,11,N,0
16.167,11,S,0
16.167,11,E,2
16.167,11,W,0
16.25,0,N,0
16.25,0,S,0
16.25,0,E,0
16.25,0,W,0
16.25,1,N,0
16.25,1,S,0
16.25,1,E,0
16.25,1,W,0
16.25,2,N,1
16.25,2,S,0
16.25,2,E,0
16.25,2,W,0
16.25,3,N,0
16.25,3,S,1
16.25,3,E,0
16.25,3,W,0
16.25,4,N,2
16.25,4,S,0
16.25,4,E,0
16.25,4,W,0
16.25,5,N,1
16.25,5,S,1
16.25,5,E,0
16.25,5,W,0
16.25,6,N,1
16.25,6,S,0
16.25,6,E,0
16.25,6,W,0
16.25,7,N,0
16.25,7,S,1
16.25,7,E,0
16.25,7,W,1
16.25,8,N,0
16.25,8,S,1
16.25,8,E,0
16.25,8,W,1
16.25,9,N,0
16.25,9,S,0
16.25,9,E,0
16.25,9,W,0
16.25,10,N,1
16.25,10,S,0
16.25,10,E,0
16.25,10,W,2
16.25,11,N,0
16.25,11,S,1
16.25,11,E,1
16.25,11,W,0
16.333,0,N,0
16.333,0,S,0
16.333,0,E,1
16.333,0,W,0
16.333,1,N,0
16.333,1,S,1
16.333,1,E,1
16.333,1,W,1
16.333,2,N,1
16.333,2,S,1
16.333,2,E,0
16.333,2,W,1
16.333,3,N,0
16.333,3,S,2
16.333,3,E,0
16.333,3,W,0
16.333,4,N,0
16.333,4,S,0
16.333,4,E,1
16.333,4,W,0
16.333,5,N,0
16.333,5,S,0
16.333,5,E,0
16.333,5,W,0
16.333,6,N,1
16.333,6,S,2
16.333,6,E,1
16.333,6,W,1
16.333,7,N,0
16.333,7,S,0
16.333,7,E,0
16.333,7,W,0
16.333,8,N,0
16.333,8,S,1
16.333,8,E,0
16.333,8,W,0
16.333,9,N,1
16.333,9,S,0
16.333,9,E,0
16.333,9,W,0
16.333,10,N,0
16.333,10,S,1
16.333,10,E,1
16.333,10,W,0
16.333,11,N,0
16.333,11,S,2
16.333,11,E,0
16.333,11,W,0
16.417,0,N,1
16.417,0,S,0
16.417,0,E,0
16.417,0,W,0
16.417,1,N,0
16.417,1,S,0
16.417,1,E,2
16.417,1,W,1
16.417,2,N,1
16.417,2,S,1
16.417,2,E,0
16.417,2,W,0
16.417,3,N,0
16.417,3,S,0
16.417,3,E,0
16.417,3,W,0
16.417,4,N,1
16.417,4,S,0
16.417,4,E,1
16.417,4,W,0
16.417,5,N,1
16.417,5,S,2
16.417,5,E,0
16.417,5,W,0
16.417,6,N,1
16.417,6,S,0
16.417,6,E,1
16.417,6,W,1
16.417,7,N,1
16.417,7,S,1
16.417,7,E,0
16.417,7,W,0
16.417,8,N,0
16.417,8,S,1
16.417,8,E,1
16.417,8,W,1
16.417,9,N,1
16.417,9,S,1
16.417,9,E,2
16.417,9,W,0
16.417,10,N,1
16.417,10,S,0
16.417,10,E,0
16.417,10,W,0
16.417,11,N,0
16.417,11,S,2
16.417,11,E,1
16.417,11,W,0
16.5,0,N,1
16.5,0,S,0
16.5,0,E,0
16.5,0,W,0
16.5,1,N,1
16.5,1,S,1
16.5,1,E,2
16.5,1,W,2
16.5,2,N,0
16.5,2,S,1
16.5,2,E,1
16.5,2,W,1
16.5,3,N,0
16.5,3,S,0
16.5,3,E,1
16.5,3,W,0
16.5,4,N,1
16.5,4,S,1
16.5,4,E,0
16.5,4,W,1
16.5,5,N,0
16.5,5,S,0
16.5,5,E,0
16.5,5,W,0
16.5,6,N,1
16.5,6,S,0
16.5,6,E,1
16.5,6,W,0
16.5,7,N,0
16.5,7,S,0
16.5,7,E,1
16.5,7,W,0
16.5,8,N,1
16.5,8,S,0
16.5,8,E,0
16.5,8,W,1
16.5,9,N,2
16.5,9,S,1
16.5,9,E,0
16.5,9,W,0
16.5,10,N,1
16.5,10,S,0
16.5,10,E,0
16.5,10,W,0
16.5,11,N,1
16.5,11,S,0
16.5,11,E,3
16.5,11,W,0
16.583,0,N,0
16.583,0,S,1
16.583,0,E,0
16.583,0,W,0
16.583,1,N,1
16.583,1,S,0
16.583,1,E,0
16.583,1,W,0
16.583,2,N,1
16.583,2,S,0
16.583,2,E,1
16.583,2,W,2
16.583,3,N,1
16.583,3,S,1
16.583,3,E,1
16.583,3,W,3
16.583,4,N,0
16.583,4,S,2
16.583,4,E,1
16.583,4,W,0
16.583,5,N,2
16.583,5,S,0
16.583,5,E,0
16.583,5,W,1
16.583,6,N,0
16.583,6,S,0
16.583,6,E,0
16.583,6,W,1
16.583,7,N,0
16.583,7,S,0
16.583,7,E,0
16.583,7,W,0
16.583,8,N,0
16.583,8,S,0
16.583,8,E,0
16.583,8,W,0
16.583,9,N,2
16.583,9,S,0
16.583,9,E,0
16.583,9,W,0
16.583,10,N,1
16.583,10,S,0
16.583,10,E,1
16.583,10,W,2
16.583,11,N,1
16.583,11,S,0
16.583,11,E,1
16.583,11,W,1
16.667,0,N,3
16.667,0,S,2
16.667,0,E,0
16.667,0,W,0
16.667,1,N,0
16.667,1,S,0
16.667,1,E,1
16.667,1,W,1
16.667,2,N,1
16.667,2,S,2
16.667,2,E,0
16.667,2,W,2
16.667,3,N,2
16.667,3,S,0
16.667,3,E,0
16.667,3,W,0
16.667,4,N,0
16.667,4,S,1
16.667,4,E,1
16.667,4,W,1
16.667,5,N,1
16.667,5,S,0
16.667,5,E,0
16.667,5,W,1
16.667,6,N,0
16.667,6,S,0
16.667,6,E,0
16.667,6,W,0
16.667,7,N,0
16.667,7,S,0
16.667,7,E,0
16.667,7,W,0
16.667,8,N,1
16.667,8,S,1
16.667,8,E,1
16.667,8,W,0
16.667,9,N,2
16.667,9,S,0
16.667,9,E,0
16.667,9,W,2
16.667,10,N,3
16.667,10,S,1
16.667,10,E,0
16.667,10,W,1
16.667,11,N,2
16.667,11,S,0
16.667,11,E,1
16.667,11,W,0
16.75,0,N,1
16.75,0,S,1
16.75,0,E,0
16.75,0,W,1
16.75,1,N,1
16.75,1,S,2
16.75,1,E,0
16.75,1,W,2
16.75,2,N,0
16.75,2,S,1
16.75,2,E,1
16.75,2,W,0
16.75,3,N,0
16.75,3,S,1
16.75,3,E,1
16.75,3,W,0
16.75,4,N,1
16.75,4,S,1
16.75,4,E,0
16.75,4,W,0
16.75,5,N,2
16.75,5,S,1
16.75,5,E,0
16.75,5,W,3
16.75,6,N,0
16.75,6,S,2
16.75,6,E,1
16.75,6,W,0
16.75,7,N,1
16.75,7,S,0
16.75,7,E,1
16.75,7,W,1
16.75,8,N,0
16.75,8,S,3
16.75,8,E,1
16.75,8,W,0
16.75,9,N,1
16.75,9,S,1
16.75,9,E,1
16.75,9,W,0
16.75,10,N,0
16.75,10,S,1
16.75,10,E,0
16.75,10,W,1
16.75,11,N,0
16.75,11,S,1
16.75,11,E,2
16.75,11,W,0
16.833,0,N,0
16.833,0,S,0
16.833,0,E,1
16.833,0,W,0
16.833,1,N,0
16.833,1,S,1
16.833,1,E,1
16.833,1,W,1
16.833,2,N,0
16.833,2,S,1
16.833,2,E,0
16.833,2,W,2
16.833,3,N,1
16.833,3,S,0
16.833,3,E,2
16.833,3,W,0
16.833,4,N,0
16.833,4,S,0
16.833,4,E,1
16.833,4,W,0
16.833,5,N,1
16.833,5,S,0
16.833,5,E,0
16.833,5,W,1
16.833,6,N,0
16.833,6,S,1
16.833,6,E,1
16.833,6,W,0
16.833,7,N,0
16.833,7,S,3
16.833,7,E,2
16.833,7,W,0
16.833,8,N,1
16.833,8,S,0
16.833,8,E,1
16.833,8,W,0
16.833,9,N,0
16.833,9,S,1
16.833,9,E,0
16.833,9,W,0
16.833,10,N,2
16.833,10,S,0
16.833,10,E,0
16.833,10,W,0
16.833,11,N,0
16.833,11,S,0
16.833,11,E,0
16.833,11,W,1
16.917,0,N,2
16.917,0,S,1
16.917,0,E,0
16.917,0,W,0
16.917,1,N,0
16.917,1,S,0
16.917,1,E,0
16.917,1,W,1
16.917,2,N,0
16.917,2,S,1
16.917,2,E,1
16.917,2,W,2
16.917,3,N,1
16.917,3,S,2
16.917,3,E,0
16.917,3,W,1
16.917,4,N,1
16.917,4,S,1
16.917,4,E,0
16.917,4,W,0
16.917,5,N,1
16.917,5,S,2
16.917,5,E,0
16.917,5,W,0
16.917,6,N,0
16.917,6,S,1
16.917,6,E,2
16.917,6,W,2
16.917,7,N,1
16.917,7,S,1
16.917,7,E,0
16.917,7,W,0
16.917,8,N,1
16.917,8,S,2
16.917,8,E,1
16.917,8,W,1
16.917,9,N,1
16.917,9,S,1
16.917,9,E,1
16.917,9,W,1
16.917,10,N,1
16.917,10,S,0
16.917,10,E,0
16.917,10,W,0
16.917,11,N,0
16.917,11,S,1
16.917,11,E,3
16.917,11,W,0
17.0,0,N,1
17.0,0,S,1
17.0,0,E,0
17.0,0,W,0
17.0,1,N,2
17.0,1,S,0
17.0,1,E,1
17.0,1,W,0
17.0,2,N,0
17.0,2,S,2
17.0,2,E,0
17.0,2,W,1
17.0,3,N,1
17.0,3,S,0
17.0,3,E,0
17.0,3,W,0
17.0,4,N,0
17.0,4,S,1
17.0,4,E,0
17.0,4,W,0
17.0,5,N,0
17.0,5,S,0
17.0,5,E,0
17.0,5,W,0
17.0,6,N,1
17.0,6,S,0
17.0,6,E,0
17.0,6,W,1
17.0,7,N,0
17.0,7,S,0
17.0,7,E,1
17.0,7,W,1
17.0,8,N,1
17.0,8,S,0
17.0,8,E,0
17.0,8,W,1
17.0,9,N,0
17.0,9,S,2
17.0,9,E,0
17.0,9,W,0
17.0,10,N,1
17.0,10,S,2
17.0,10,E,0
17.0,10,W,0
17.0,11,N,0
17.0,11,S,0
17.0,11,E,1
17.0,11,W,2
17.083,0,N,0
17.083,0,S,0
17.083,0,E,0
17.083,0,W,0
17.083,1,N,1
17.083,1,S,0
17.083,1,E,1
17.083,1,W,1
17.083,2,N,1
17.083,2,S,1
17.083,2,E,0
17.083,2,W,0
17.083,3,N,1
17.083,3,S,0
17.083,3,E,3
17.083,3,W,0
17.083,4,N,1
17.083,4,S,0
17.083,4,E,1
17.083,4,W,3
17.083,5,N,1
17.083,5,S,0
17.083,5,E,0
17.083,5,W,0
17.083,6,N,0
17.083,6,S,0
17.083,6,E,0
17.083,6,W,2
17.083,7,N,0
17.083,7,S,0
17.083,7,E,0
17.083,7,W,0
17.083,8,N,0
17.083,8,S,1
17.083,8,E,1
17.083,8,W,0
17.083,9,N,1
17.083,9,S,0
17.083,9,E,0
17.083,9,W,1
17.083,10,N,1
17.083,10,S,0
17.083,10,E,0
17.083,10,W,2
17.083,11,N,0
17.083,11,S,2
17.083,11,E,0
17.083,11,W,3
17.167,0,N,0
17.167,0,S,1
17.167,0,E,0
17.167,0,W,0
17.167,1,N,1
17.167,1,S,1
17.167,1,E,0
17.167,1,W,1
17.167,2,N,1
17.167,2,S,2
17.167,2,E,1
17.167,2,W,0
17.167,3,N,1
17.167,3,S,2
17.167,3,E,0
17.167,3,W,2
17.167,4,N,0
17.167,4,S,1
17.167,4,E,1
17.167,4,W,1
17.167,5,N,0
17.167,5,S,1
17.167,5,E,0
17.167,5,W,1
17.167,6,N,0
17.167,6,S,0
17.167,6,E,1
17.167,6,W,0
17.167,7,N,1
17.167,7,S,0
17.167,7,E,2
17.167,7,W,0
17.167,8,N,0
17.167,8,S,1
17.167,8,E,0
17.167,8,W,1
17.167,9,N,0
17.167,9,S,1
17.167,9,E,0
17.167,9,W,0
17.167,10,N,0
17.167,10,S,1
17.167,10,E,0
17.167,10,W,0
17.167,11,N,1
17.167,11,S,1
17.167,11,E,0
17.167,11,W,2
17.25,0,N,0
17.25,0,S,1
17.25,0,E,1
17.25,0,W,0
17.25,1,N,0
17.25,1,S,0
17.25,1,E,2
17.25,1,W,1
17.25,2,N,0
17.25,2,S,0
17.25,2,E,4
17.25,2,W,1
17.25,3,N,1
17.25,3,S,2
17.25,3,E,0
17.25,3,W,1
17.25,4,N,1
17.25,4,S,1
17.25,4,E,1
17.25,4,W,1
17.25,5,N,0
17.25,5,S,1
17.25,5,E,1
17.25,5,W,4
17.25,6,N,1
17.25,6,S,2
17.25,6,E,0
17.25,6,W,0
17.25,7,N,1
17.25,7,S,0
17.25,7,E,1
17.25,7,W,0
17.25,8,N,1
17.25,8,S,0
17.25,8,E,1
17.25,8,W,0
17.25,9,N,0
17.25,9,S,0
17.25,9,E,0
17.25,9,W,0
17.25,10,N,0
17.25,10,S,1
17.25,10,E,1
17.25,10,W,2
17.25,11,N,0
17.25,11,S,1
17.25,11,E,0
17.25,11,W,1
17.333,0,N,0
17.333,0,S,1
17.333,0,E,0
17.333,0,W,1
17.333,1,N,0
17.333,1,S,1
17.333,1,E,1
17.333,1,W,1
17.333,2,N,2
17.333,2,S,0
17.333,2,E,2
17.333,2,W,0
17.333,3,N,0
17.333,3,S,0
17.333,3,E,0
17.333,3,W,0
17.333,4,N,1
17.333,4,S,0
17.333,4,E,0
17.333,4,W,1
17.333,5,N,1
17.333,5,S,0
17.333,5,E,1
17.333,5,W,2
17.333,6,N,0
17.333,6,S,1
17.333,6,E,0
17.333,6,W,1
17.333,7,N,0
17.333,7,S,0
17.333,7,E,1
17.333,7,W,1
17.333,8,N,0
17.333,8,S,1
17.333,8,E,0
17.333,8,W,0
17.333,9,N,0
17.333,9,S,1
17.333,9,E,2
17.333,9,W,1
17.333,10,N,1
17.333,10,S,1
17.333,10,E,3
17.333,10,W,2
17.333,11,N,1
17.333,11,S,1
17.333,11,E,1
17.333,11,W,0
17.417,0,N,0
17.417,0,S,2
17.417,0,E,0
17.417,0,W,0
17.417,1,N,0
17.417,1,S,0
17.417,1,E,1
17.417,1,W,2
17.417,2,N,0
17.417,2,S,0
17.417,2,E,1
17.417,2,W,0
17.417,3,N,1
17.417,3,S,1
17.417,3,E,2
17.417,3,W,0
17.417,4,N,0
17.417,4,S,0
17.417,4,E,0
17.417,4,W,1
17.417,5,N,2
17.417,5,S,0
17.417,5,E,0
17.417,5,W,1
17.417,6,N,2
17.417,6,S,0
17.417,6,E,1
17.417,6,W,1
17.417,7,N,0
17.417,7,S,0
17.417,7,E,0
17.417,7,W,0
17.417,8,N,0
17.417,8,S,1
17.417,8,E,3
17.417,8,W,1
17.417,9,N,0
17.417,9,S,2
17.417,9,E,0
17.417,9,W,0
17.417,10,N,1
17.417,10,S,1
17.417,10,E,0
17.417,10,W,0
17.417,11,N,0
17.417,11,S,0
17.417,11,E,0
17.417,11,W,0
17.5,0,N,0
17.5,0,S,2
17.5,0,E,1
17.5,0,W,1
17.5,1,N,1
17.5,1,S,2
17.5,1,E,1
17.5,1,W,0
17.5,2,N,0
17.5,2,S,2
17.5,2,E,1
17.5,2,W,2
17.5,3,N,0
17.5,3,S,1
17.5,3,E,2
17.5,3,W,0
17.5,4,N,0
17.5,4,S,1
17.5,4,E,1
17.5,4,W,1
17.5,5,N,0
17.5,5,S,1
17.5,5,E,1
17.5,5,W,0
17.5,6,N,2
17.5,6,S,2
17.5,6,E,1
17.5,6,W,0
17.5,7,N,1
17.5,7,S,0
17.5,7,E,2
17.5,7,W,0
17.5,8,N,0
17.5,8,S,2
17.5,8,E,0
17.5,8,W,0
17.5,9,N,1
17.5,9,S,0
17.5,9,E,2
17.5,9,W,0
17.5,10,N,1
17.5,10,S,1
17.5,10,E,2
17.5,10,W,1
17.5,11,N,0
17.5,11,S,2
17.5,11,E,4
17.5,11,W,4
17.583,0,N,1
17.583,0,S,0
17.583,0,E,0
17.583,0,W,2
17.583,1,N,0
17.583,1,S,0
17.583,1,E,0
17.583,1,W,0
17.583,2,N,1
17.583,2,S,0
17.583,2,E,0
17.583,2,W,0
17.583,3,N,1
17.583,3,S,0
17.583,3,E,0
17.583,3,W,0
17.583,4,N,1
17.583,4,S,1
17.583,4,E,1
17.583,4,W,0
17.583,5,N,2
17.583,5,S,2
17.583,5,E,1
17.583,5,W,1
17.583,6,N,0
17.583,6,S,0
17.583,6,E,0
17.583,6,W,1
17.583,7,N,0
17.583,7,S,1
17.583,7,E,0
17.583,7,W,0
17.583,8,N,1
17.583,8,S,0
17.583,8,E,0
17.583,8,W,0
17.583,9,N,0
17.583,9,S,2
17.583,9,E,0
17.583,9,W,0
17.583,10,N,0
17.583,10,S,0
17.583,10,E,1
17.583,10,W,0
17.583,11,N,0
17.583,11,S,1
17.583,11,E,0
17.583,11,W,0
17.667,0,N,0
17.667,0,S,0
17.667,0,E,0
17.667,0,W,0
17.667,1,N,0
17.667,1,S,0
17.667,1,E,0
17.667,1,W,2
17.667,2,N,1
17.667,2,S,0
17.667,2,E,1
17.667,2,W,1
17.667,3,N,1
17.667,3,S,0
17.667,3,E,4
17.667,3,W,1
17.667,4,N,0
17.667,4,S,0
17.667,4,E,0
17.667,4,W,1
17.667,5,N,1
17.667,5,S,0
17.667,5,E,1
17.667,5,W,0
17.667,6,N,0
17.667,6,S,1
17.667,6,E,0
17.667,6,W,0
17.667,7,N,2
17.667,7,S,2
17.667,7,E,1
17.667,7,W,1
17.667,8,N,2
17.667,8,S,3
17.667,8,E,1
17.667,8,W,1
17.667,9,N,2
17.667,9,S,0
17.667,9,E,1
17.667,9,W,0
17.667,10,N,2
17.667,10,S,2
17.667,10,E,0
17.667,10,W,0
17.667,11,N,0
17.667,11,S,0
17.667,11,E,0
17.667,11,W,0
17.75,0,N,0
17.75,0,S,0
17.75,0,E,1
17.75,0,W,0
17.75,1,N,0
17.75,1,S,2
17.75,1,E,2
17.75,1,W,0
17.75,2,N,3
17.75,2,S,1
17.75,2,E,1
17.75,2,W,1
17.75,3,N,0
17.75,3,S,1
17.75,3,E,0
17.75,3,W,2
17.75,4,N,0
17.75,4,S,0
17.75,4,E,0
17.75,4,W,0
17.75,5,N,0
17.75,5,S,0
17.75,5,E,0
17.75,5,W,1
17.75,6,N,1
17.75,6,S,0
17.75,6,E,1
17.75,6,W,1
17.75,7,N,2
17.75,7,S,0
17.75,7,E,0
17.75,7,W,0
17.75,8,N,0
17.75,8,S,1
17.75,8,E,1
17.75,8,W,0
17.75,9,N,1
17.75,9,S,1
17.75,9,E,2
17.75,9,W,0
17.75,10,N,0
17.75,10,S,0
17.75,10,E,1
17.75,10,W,0
17.75,11,N,2
17.75,11,S,0
17.75,11,E,2
17.75,11,W,0
17.833,0,N,1
17.833,0,S,1
17.833,0,E,0
17.833,0,W,0
17.833,1,N,0
17.833,1,S,2
17.833,1,E,0
17.833,1,W,1
17.833,2,N,1
17.833,2,S,1
17.833,2,E,1
17.833,2,W,1
17.833,3,N,0
17.833,3,S,3
17.833,3,E,0
17.833,3,W,1
17.833,4,N,1
17.833,4,S,0
17.833,4,E,0
17.833,4,W,2
17.833,5,N,1
17.833,5,S,1
17.833,5,E,0
17.833,5,W,0
17.833,6,N,3
17.833,6,S,0
17.833,6,E,0
17.833,6,W,2
17.833,7,N,1
17.833,7,S,2
17.833,7,E,2
17.833,7,W,0
17.833,8,N,0
17.833,8,S,0
17.833,8,E,1
17.833,8,W,0
17.833,9,N,0
17.833,9,S,1
17.833,9,E,0
17.833,9,W,0
17.833,10,N,2
17.833,10,S,0
17.833,10,E,1
17.833,10,W,1
17.833,11,N,0
17.833,11,S,1
17.833,11,E,1
17.833,11,W,1
17.917,0,N,1
17.917,0,S,2
17.917,0,E,1
17.917,0,W,2
17.917,1,N,0
17.917,1,S,1
17.917,1,E,1
17.917,1,W,1
17.917,2,N,0
17.917,2,S,1
17.917,2,E,0
17.917,2,W,0
17.917,3,N,2
17.917,3,S,2
17.917,3,E,2
17.917,3,W,1
17.917,4,N,0
17.917,4,S,1
17.917,4,E,1
17.917,4,W,0
17.917,5,N,0
17.917,5,S,2
17.917,5,E,0
17.917,5,W,2
17.917,6,N,1
17.917,6,S,0
17.917,6,E,1
17.917,6,W,0
17.917,7,N,2
17.917,7,S,0
17.917,7,E,0
17.917,7,W,0
17.917,8,N,2
17.917,8,S,1
17.917,8,E,1
17.917,8,W,0
17.917,9,N,0
17.917,9,S,1
17.917,9,E,1
17.917,9,W,0
17.917,10,N,1
17.917,10,S,1
17.917,10,E,0
17.917,10,W,0
17.917,11,N,1
17.917,11,S,1
17.917,11,E,1
17.917,11,W,1
18.0,0,N,0
18.0,0,S,0
18.0,0,E,0
18.0,0,W,0
18.0,1,N,1
18.0,1,S,0
18.0,1,E,1
18.0,1,W,1
18.0,2,N,0
18.0,2,S,0
18.0,2,E,0
18.0,2,W,0
18.0,3,N,0
18.0,3,S,0
18.0,3,E,0
18.0,3,W,0
18.0,4,N,0
18.0,4,S,0
18.0,4,E,1
18.0,4,W,0
18.0,5,N,0
18.0,5,S,0
18.0,5,E,0
18.0,5,W,2
18.0,6,N,4
18.0,6,S,1
18.0,6,E,1
18.0,6,W,1
18.0,7,N,1
18.0,7,S,0
18.0,7,E,0
18.0,7,W,1
18.0,8,N,1
18.0,8,S,2
18.0,8,E,0
18.0,8,W,4
18.0,9,N,1
18.0,9,S,1
18.0,9,E,2
18.0,9,W,0
18.0,10,N,1
18.0,10,S,1
18.0,10,E,1
18.0,10,W,0
18.0,11,N,0
18.0,11,S,0
18.0,11,E,1
18.0,11,W,0
18.083,0,N,0
18.083,0,S,1
18.083,0,E,0
18.083,0,W,0
18.083,1,N,0
18.083,1,S,0
18.083,1,E,1
18.083,1,W,0
18.083,2,N,1
18.083,2,S,1
18.083,2,E,1
18.083,2,W,1
18.083,3,N,2
18.083,3,S,1
18.083,3,E,0
18.083,3,W,2
18.083,4,N,0
18.083,4,S,1
18.083,4,E,0
18.083,4,W,0
18.083,5,N,1
18.083,5,S,2
18.083,5,E,0
18.083,5,W,1
18.083,6,N,1
18.083,6,S,0
18.083,6,E,1
18.083,6,W,0
18.083,7,N,2
18.083,7,S,0
18.083,7,E,0
18.083,7,W,0
18.083,8,N,1
18.083,8,S,1
18.083,8,E,0
18.083,8,W,0
18.083,9,N,0
18.083,9,S,2
18.083,9,E,0
18.083,9,W,0
18.083,10,N,3
18.083,10,S,1
18.083,10,E,0
18.083,10,W,1
18.083,11,N,0
18.083,11,S,0
18.083,11,E,0
18.083,11,W,1
18.167,0,N,0
18.167,0,S,0
18.167,0,E,1
18.167,0,W,1
18.167,1,N,0
18.167,1,S,0
18.167,1,E,3
18.167,1,W,0
18.167,2,N,2
18.167,2,S,1
18.167,2,E,3
18.167,2,W,1
18.167,3,N,1
18.167,3,S,1
18.167,3,E,0
18.167,3,W,1
18.167,4,N,2
18.167,4,S,0
18.167,4,E,0
18.167,4,W,2
18.167,5,N,1
18.167,5,S,0
18.167,5,E,1
18.167,5,W,0
18.167,6,N,1
18.167,6,S,0
18.167,6,E,2
18.167,6,W,0
18.167,7,N,0
18.167,7,S,2
18.167,7,E,3
18.167,7,W,2
18.167,8,N,1
18.167,8,S,0
18.167,8,E,0
18.167,8,W,2
18.167,9,N,0
18.167,9,S,1
18.167,9,E,1
18.167,9,W,0
18.167,10,N,1
18.167,10,S,1
18.167,10,E,2
18.167,10,W,0
18.167,11,N,2
18.167,11,S,0
18.167,11,E,0
18.167,11,W,0
18.25,0,N,1
18.25,0,S,0
18.25,0,E,0
18.25,0,W,1
18.25,1,N,0
18.25,1,S,1
18.25,1,E,0
18.25,1,W,0
18.25,2,N,0
18.25,2,S,1
18.25,2,E,1
18.25,2,W,0
18.25,3,N,0
18.25,3,S,2
18.25,3,E,0
18.25,3,W,0
18.25,4,N,0
18.25,4,S,0
18.25,4,E,2
18.25,4,W,1
18.25,5,N,1
18.25,5,S,0
18.25,5,E,1
18.25,5,W,0
18.25,6,N,1
18.25,6,S,1
18.25,6,E,0
18.25,6,W,0
18.25,7,N,1
18.25,7,S,0
18.25,7,E,0
18.25,7,W,1
18.25,8,N,1
18.25,8,S,0
18.25,8,E,0
18.25,8,W,1
18.25,9,N,0
18.25,9,S,1
18.25,9,E,0
18.25,9,W,0
18.25,10,N,0
18.25,10,S,1
18.25,10,E,2
18.25,10,W,1
18.25,11,N,0
18.25,11,S,1
18.25,11,E,0
18.25,11,W,1
18.333,0,N,0
18.333,0,S,1
18.333,0,E,1
18.333,0,W,0
18.333,1,N,0
18.333,1,S,0
18.333,1,E,0
18.333,1,W,0
18.333,2,N,1
18.333,2,S,1
18.333,2,E,0
18.333,2,W,1
18.333,3,N,0
18.333,3,S,0
18.333,3,E,0
18.333,3,W,2
18.333,4,N,1
18.333,4,S,0
18.333,4,E,0
18.333,4,W,0
18.333,5,N,1
18.333,5,S,1
18.333,5,E,0
18.333,5,W,0
18.333,6,N,0
18.333,6,S,1
18.333,6,E,0
18.333,6,W,2
18.333,7,N,1
18.333,7,S,0
18.333,7,E,1
18.333,7,W,0
18.333,8,N,0
18.333,8,S,0
18.333,8,E,0
18.333,8,W,0
18.333,9,N,0
18.333,9,S,0
18.333,9,E,1
18.333,9,W,0
18.333,10,N,0
18.333,10,S,1
18.333,10,E,1
18.333,10,W,1
18.333,11,N,1
18.333,11,S,0
18.333,11,E,0
18.333,11,W,0
18.417,0,N,0
18.417,0,S,1
18.417,0,E,2
18.417,0,W,2
18.417,1,N,1
18.417,1,S,1
18.417,1,E,0
18.417,1,W,0
18.417,2,N,0
18.417,2,S,2
18.417,2,E,0
18.417,2,W,0
18.417,3,N,1
18.417,3,S,0
18.417,3,E,2
18.417,3,W,2
18.417,4,N,1
18.417,4,S,0
18.417,4,E,0
18.417,4,W,1
18.417,5,N,0
18.417,5,S,1
18.417,5,E,0
18.417,5,W,1
18.417,6,N,1
18.417,6,S,0
18.417,6,E,3
18.417,6,W,0
18.417,7,N,0
18.417,7,S,0
18.417,7,E,2
18.417,7,W,1
18.417,8,N,1
18.417,8,S,0
18.417,8,E,0
18.417,8,W,1
18.417,9,N,0
18.417,9,S,0
18.417,9,E,0
18.417,9,W,0
18.417,10,N,0
18.417,10,S,1
18.417,10,E,0
18.417,10,W,1
18.417,11,N,0
18.417,11,S,0
18.417,11,E,0
18.417,11,W,0
18.5,0,N,1
18.5,0,S,0
18.5,0,E,1
18.5,0,W,0
18.5,1,N,1
18.5,1,S,0
18.5,1,E,1
18.5,1,W,0
18.5,2,N,0
18.5,2,S,1
18.5,2,E,0
18.5,2,W,1
18.5,3,N,0
18.5,3,S,0
18.5,3,E,0
18.5,3,W,0
18.5,4,N,0
18.5,4,S,1
18.5,4,E,1
18.5,4,W,1
18.5,5,N,3
18.5,5,S,1
18.5,5,E,1
18.5,5,W,1
18.5,6,N,1
18.5,6,S,0
18.5,6,E,0
18.5,6,W,0
18.5,7,N,0
18.5,7,S,0
18.5,7,E,4
18.5,7,W,0
18.5,8,N,0
18.5,8,S,0
18.5,8,E,0
18.5,8,W,1
18.5,9,N,1
18.5,9,S,1
18.5,9,E,0
18.5,9,W,0
18.5,10,N,2
18.5,10,S,0
18.5,10,E,1
18.5,10,W,0
18.5,11,N,0
18.5,11,S,0
18.5,11,E,1
18.5,11,W,0
18.583,0,N,0
18.583,0,S,0
18.583,0,E,0
18.583,0,W,2
18.583,1,N,1
18.583,1,S,0
18.583,1,E,1
18.583,1,W,2
18.583,2,N,0
18.583,2,S,1
18.583,2,E,0
18.583,2,W,0
18.583,3,N,1
18.583,3,S,0
18.583,3,E,1
18.583,3,W,0
18.583,4,N,0
18.583,4,S,1
18.583,4,E,0
18.583,4,W,0
18.583,5,N,0
18.583,5,S,1
18.583,5,E,2
18.583,5,W,0
18.583,6,N,1
18.583,6,S,0
18.583,6,E,0
18.583,6,W,1
18.583,7,N,0
18.583,7,S,2
18.583,7,E,2
18.583,7,W,2
18.583,8,N,0
18.583,8,S,0
18.583,8,E,1
18.583,8,W,0
18.583,9,N,0
18.583,9,S,0
18.583,9,E,0
18.583,9,W,0
18.583,10,N,1
18.583,10,S,1
18.583,10,E,0
18.583,10,W,0
18.583,11,N,0
18.583,11,S,0
18.583,11,E,0
18.583,11,W,0
18.667,0,N,0
18.667,0,S,0
18.667,0,E,0
18.667,0,W,0
18.667,1,N,2
18.667,1,S,3
18.667,1,E,0
18.667,1,W,0
18.667,2,N,0
18.667,2,S,0
18.667,2,E,0
18.667,2,W,1
18.667,3,N,0
18.667,3,S,0
18.667,3,E,1
18.667,3,W,1
18.667,4,N,0
18.667,4,S,1
18.667,4,E,2
18.667,4,W,0
18.667,5,N,1
18.667,5,S,0
18.667,5,E,1
18.667,5,W,0
18.667,6,N,1
18.667,6,S,1
18.667,6,E,1
18.667,6,W,0
18.667,7,N,1
18.667,7,S,1
18.667,7,E,0
18.667,7,W,0
18.667,8,N,1
18.667,8,S,0
18.667,8,E,0
18.667,8,W,0
18.667,9,N,1
18.667,9,S,1
18.667,9,E,0
18.667,9,W,1
18.667,10,N,2
18.667,10,S,1
18.667,10,E,1
18.667,10,W,0
18.667,11,N,0
18.667,11,S,0
18.667,11,E,0
18.667,11,W,1
18.75,0,N,0
18.75,0,S,1
18.75,0,E,0
18.75,0,W,0
18.75,1,N,1
18.75,1,S,0
18.75,1,E,1
18.75,1,W,1
18.75,2,N,1
18.75,2,S,0
18.75,2,E,1
18.75,2,W,1
18.75,3,N,0
18.75,3,S,0
18.75,3,E,0
18.75,3,W,0
18.75,4,N,2
18.75,4,S,0
18.75,4,E,1
18.75,4,W,0
18.75,5,N,0
18.75,5,S,2
18.75,5,E,1
18.75,5,W,1
18.75,6,N,0
18.75,6,S,0
18.75,6,E,1
18.75,6,W,0
18.75,7,N,0
18.75,7,S,0
18.75,7,E,1
18.75,7,W,0
18.75,8,N,1
18.75,8,S,0
18.75,8,E,0
18.75,8,W,0
18.75,9,N,0
18.75,9,S,0
18.75,9,E,0
18.75,9,W,0
18.75,10,N,0
18.75,10,S,0
18.75,10,E,1
18.75,10,W,2
18.75,11,N,2
18.75,11,S,0
18.75,11,E,1
18.75,11,W,0
18.833,0,N,2
18.833,0,S,1
18.833,0,E,0
18.833,0,W,0
18.833,1,N,0
18.833,1,S,0
18.833,1,E,0
18.833,1,W,1
18.833,2,N,1
18.833,2,S,1
18.833,2,E,1
18.833,2,W,0
18.833,3,N,0
18.833,3,S,2
18.833,3,E,0
18.833,3,W,1
18.833,4,N,0
18.833,4,S,1
18.833,4,E,0
18.833,4,W,0
18.833,5,N,0
18.833,5,S,2
18.833,5,E,1
18.833,5,W,2
18.833,6,N,1
18.833,6,S,0
18.833,6,E,0
18.833,6,W,2
18.833,7,N,0
18.833,7,S,0
18.833,7,E,0
18.833,7,W,2
18.833,8,N,0
18.833,8,S,0
18.833,8,E,0
18.833,8,W,0
18.833,9,N,0
18.833,9,S,0
18.833,9,E,0
18.833,9,W,1
18.833,10,N,1
18.833,10,S,1
18.833,10,E,0
18.833,10,W,1
18.833,11,N,0
18.833,11,S,0
18.833,11,E,0
18.833,11,W,1
18.917,0,N,0
18.917,0,S,0
18.917,0,E,0
18.917,0,W,1
18.917,1,N,1
18.917,1,S,0
18.917,1,E,0
18.917,1,W,0
18.917,2,N,1
18.917,2,S,0
18.917,2,E,0
18.917,2,W,0
18.917,3,N,2
18.917,3,S,0
18.917,3,E,0
18.917,3,W,0
18.917,4,N,0
18.917,4,S,0
18.917,4,E,1
18.917,4,W,0
18.917,5,N,1
18.917,5,S,1
18.917,5,E,0
18.917,5,W,0
18.917,6,N,1
18.917,6,S,0
18.917,6,E,1
18.917,6,W,1
18.917,7,N,0
18.917,7,S,1
18.917,7,E,0
18.917,7,W,1
18.917,8,N,2
18.917,8,S,0
18.917,8,E,0
18.917,8,W,0
18.917,9,N,0
18.917,9,S,1
18.917,9,E,0
18.917,9,W,0
18.917,10,N,0
18.917,10,S,1
18.917,10,E,0
18.917,10,W,0
18.917,11,N,0
18.917,11,S,1
18.917,11,E,1
18.917,11,W,0
19.0,0,N,1
19.0,0,S,0
19.0,0,E,0
19.0,0,W,0
19.0,1,N,0
19.0,1,S,0
19.0,1,E,0
19.0,1,W,1
19.0,2,N,0
19.0,2,S,1
19.0,2,E,1
19.0,2,W,1
19.0,3,N,0
19.0,3,S,2
19.0,3,E,0
19.0,3,W,1
19.0,4,N,1
19.0,4,S,1
19.0,4,E,1
19.0,4,W,1
19.0,5,N,0
19.0,5,S,0
19.0,5,E,0
19.0,5,W,0
19.0,6,N,0
19.0,6,S,0
19.0,6,E,1
19.0,6,W,1
19.0,7,N,1
19.0,7,S,1
19.0,7,E,0
19.0,7,W,0
19.0,8,N,1
19.0,8,S,0
19.0,8,E,0
19.0,8,W,0
19.0,9,N,0
19.0,9,S,0
19.0,9,E,0
19.0,9,W,2
19.0,10,N,1
19.0,10,S,0
19.0,10,E,0
19.0,10,W,0
19.0,11,N,0
19.0,11,S,1
19.0,11,E,1
19.0,11,W,1
19.083,0,N,1
19.083,0,S,1
19.083,0,E,0
19.083,0,W,0
19.083,1,N,0
19.083,1,S,1
19.083,1,E,1
19.083,1,W,0
19.083,2,N,2
19.083,2,S,0
19.083,2,E,1
19.083,2,W,1
19.083,3,N,0
19.083,3,S,0
19.083,3,E,0
19.083,3,W,0
19.083,4,N,0
19.083,4,S,0
19.083,4,E,0
19.083,4,W,0
19.083,5,N,1
19.083,5,S,1
19.083,5,E,1
19.083,5,W,0
19.083,6,N,2
19.083,6,S,0
19.083,6,E,0
19.083,6,W,0
19.083,7,N,0
19.083,7,S,1
19.083,7,E,0
19.083,7,W,0
19.083,8,N,1
19.083,8,S,1
19.083,8,E,0
19.083,8,W,0
19.083,9,N,0
19.083,9,S,0
19.083,9,E,0
19.083,9,W,1
19.083,10,N,0
19.083,10,S,1
19.083,10,E,0
19.083,10,W,0
19.083,11,N,1
19.083,11,S,0
19.083,11,E,0
19.083,11,W,0
19.167,0,N,0
19.167,0,S,2
19.167,0,E,0
19.167,0,W,0
19.167,1,N,2
19.167,1,S,0
19.167,1,E,0
19.167,1,W,3
19.167,2,N,0
19.167,2,S,0
19.167,2,E,1
19.167,2,W,0
19.167,3,N,0
19.167,3,S,1
19.167,3,E,1
19.167,3,W,0
19.167,4,N,1
19.167,4,S,1
19.167,4,E,1
19.167,4,W,0
19.167,5,N,0
19.167,5,S,0
19.167,5,E,1
19.167,5,W,1
19.167,6,N,0
19.167,6,S,0
19.167,6,E,0
19.167,6,W,0
19.167,7,N,0
19.167,7,S,0
19.167,7,E,1
19.167,7,W,3
19.167,8,N,0
19.167,8,S,0
19.167,8,E,0
19.167,8,W,0
19.167,9,N,2
19.167,9,S,1
19.167,9,E,1
19.167,9,W,0
19.167,10,N,0
19.167,10,S,2
19.167,10,E,0
19.167,10,W,1
19.167,11,N,0
19.167,11,S,1
19.167,11,E,2
19.167,11,W,0
19.25,0,N,2
19.25,0,S,0
19.25,0,E,1
19.25,0,W,1
19.25,1,N,0
19.25,1,S,0
19.25,1,E,0
19.25,1,W,0
19.25,2,N,0
19.25,2,S,0
19.25,2,E,0
19.25,2,W,0
19.25,3,N,3
19.25,3,S,0
19.25,3,E,1
19.25,3,W,1
19.25,4,N,0
19.25,4,S,1
19.25,4,E,1
19.25,4,W,1
19.25,5,N,1
19.25,5,S,0
19.25,5,E,0
19.25,5,W,0
19.25,6,N,0
19.25,6,S,2
19.25,6,E,0
19.25,6,W,1
19.25,7,N,0
19.25,7,S,0
19.25,7,E,1
19.25,7,W,0
19.25,8,N,2
19.25,8,S,0
19.25,8,E,0
19.25,8,W,0
19.25,9,N,0
19.25,9,S,0
19.25,9,E,0
19.25,9,W,1
19.25,10,N,0
19.25,10,S,1
19.25,10,E,0
19.25,10,W,0
19.25,11,N,0
19.25,11,S,0
19.25,11,E,0
19.25,11,W,1
19.333,0,N,0
19.333,0,S,2
19.333,0,E,0
19.333,0,W,0
19.333,1,N,1
19.333,1,S,0
19.333,1,E,3
19.333,1,W,0
19.333,2,N,0
19.333,2,S,1
19.333,2,E,0
19.333,2,W,0
19.333,3,N,1
19.333,3,S,0
19.333,3,E,0
19.333,3,W,0
19.333,4,N,0
19.333,4,S,0
19.333,4,E,0
19.333,4,W,1
19.333,5,N,0
19.333,5,S,1
19.333,5,E,0
19.333,5,W,0
19.333,6,N,1
19.333,6,S,0
19.333,6,E,0
19.333,6,W,1
19.333,7,N,0
19.333,7,S,0
19.333,7,E,0
19.333,7,W,0
19.333,8,N,1
19.333,8,S,2
19.333,8,E,0
19.333,8,W,0
19.333,9,N,0
19.333,9,S,0
19.333,9,E,0
19.333,9,W,0
19.333,10,N,0
19.333,10,S,0
19.333,10,E,1
19.333,10,W,1
19.333,11,N,0
19.333,11,S,1
19.333,11,E,0
19.333,11,W,0
19.417,0,N,0
19.417,0,S,1
19.417,0,E,0
19.417,0,W,0
19.417,1,N,0
19.417,1,S,0
19.417,1,E,1
19.417,1,W,0
19.417,2,N,0
19.417,2,S,1
19.417,2,E,1
19.417,2,W,2
19.417,3,N,0
19.417,3,S,0
19.417,3,E,0
19.417,3,W,0
19.417,4,N,0
19.417,4,S,0
19.417,4,E,0
19.417,4,W,1
19.417,5,N,0
19.417,5,S,0
19.417,5,E,0
19.417,5,W,0
19.417,6,N,0
19.417,6,S,0
19.417,6,E,0
19.417,6,W,2
19.417,7,N,0
19.417,7,S,2
19.417,7,E,0
19.417,7,W,0
19.417,8,N,0
19.417,8,S,0
19.417,8,E,1
19.417,8,W,0
19.417,9,N,0
19.417,9,S,2
19.417,9,E,0
19.417,9,W,0
19.417,10,N,0
19.417,10,S,0
19.417,10,E,2
19.417,10,W,0
19.417,11,N,1
19.417,11,S,0
19.417,11,E,0
19.417,11,W,0
19.5,0,N,2
19.5,0,S,0
19.5,0,E,1
19.5,0,W,1
19.5,1,N,0
19.5,1,S,1
19.5,1,E,0
19.5,1,W,0
19.5,2,N,2
19.5,2,S,0
19.5,2,E,0
19.5,2,W,1
19.5,3,N,0
19.5,3,S,0
19.5,3,E,1
19.5,3,W,0
19.5,4,N,2
19.5,4,S,1
19.5,4,E,0
19.5,4,W,0
19.5,5,N,1
19.5,5,S,0
19.5,5,E,1
19.5,5,W,2
19.5,6,N,2
19.5,6,S,0
19.5,6,E,2
19.5,6,W,0
19.5,7,N,0
19.5,7,S,1
19.5,7,E,1
19.5,7,W,0
19.5,8,N,1
19.5,8,S,3
19.5,8,E,0
19.5,8,W,0
19.5,9,N,0
19.5,9,S,0
19.5,9,E,0
19.5,9,W,0
19.5,10,N,0
19.5,10,S,1
19.5,10,E,0
19.5,10,W,1
19.5,11,N,0
19.5,11,S,1
19.5,11,E,0
19.5,11,W,0
19.583,0,N,0
19.583,0,S,1
19.583,0,E,0
19.583,0,W,1
19.583,1,N,0
19.583,1,S,1
19.583,1,E,0
19.583,1,W,1
19.583,2,N,0
19.583,2,S,0
19.583,2,E,0
19.583,2,W,0
19.583,3,N,0
19.583,3,S,0
19.583,3,E,0
19.583,3,W,1
19.583,4,N,2
19.583,4,S,0
19.583,4,E,0
19.583,4,W,0
19.583,5,N,1
19.583,5,S,0
19.583,5,E,0
19.583,5,W,1
19.583,6,N,1
19.583,6,S,0
19.583,6,E,0
19.583,6,W,0
19.583,7,N,1
19.583,7,S,0
19.583,7,E,1
19.583,7,W,0
19.583,8,N,0
19.583,8,S,0
19.583,8,E,0
19.583,8,W,0
19.583,9,N,1
19.583,9,S,0
19.583,9,E,0
19.583,9,W,0
19.583,10,N,0
19.583,10,S,1
19.583,10,E,0
19.583,10,W,1
19.583,11,N,0
19.583,11,S,0
19.583,11,E,0
19.583,11,W,1
19.667,0,N,0
19.667,0,S,0
19.667,0,E,1
19.667,0,W,1
19.667,1,N,1
19.667,1,S,1
19.667,1,E,1
19.667,1,W,0
19.667,2,N,0
19.667,2,S,0
19.667,2,E,1
19.667,2,W,0
19.667,3,N,0
19.667,3,S,0
19.667,3,E,0
19.667,3,W,0
19.667,4,N,0
19.667,4,S,2
19.667,4,E,0
19.667,4,W,1
19.667,5,N,1
19.667,5,S,0
19.667,5,E,1
19.667,5,W,0
19.667,6,N,1
19.667,6,S,1
19.667,6,E,1
19.667,6,W,2
19.667,7,N,0
19.667,7,S,0
19.667,7,E,1
19.667,7,W,2
19.667,8,N,1
19.667,8,S,0
19.667,8,E,0
19.667,8,W,1
19.667,9,N,0
19.667,9,S,0
19.667,9,E,0
19.667,9,W,0
19.667,10,N,1
19.667,10,S,0
19.667,10,E,0
19.667,10,W,0
19.667,11,N,0
19.667,11,S,0
19.667,11,E,1
19.667,11,W,0
19.75,0,N,0
19.75,0,S,0
19.75,0,E,0
19.75,0,W,0
19.75,1,N,0
19.75,1,S,1
19.75,1,E,1
19.75,1,W,0
19.75,2,N,0
19.75,2,S,1
19.75,2,E,1
19.75,2,W,0
19.75,3,N,0
19.75,3,S,1
19.75,3,E,1
19.75,3,W,0
19.75,4,N,0
19.75,4,S,0
19.75,4,E,2
19.75,4,W,0
19.75,5,N,1
19.75,5,S,0
19.75,5,E,1
19.75,5,W,1
19.75,6,N,0
19.75,6,S,0
19.75,6,E,0
19.75,6,W,0
19.75,7,N,0
19.75,7,S,0
19.75,7,E,0
19.75,7,W,0
19.75,8,N,0
19.75,8,S,1
19.75,8,E,0
19.75,8,W,0
19.75,9,N,0
19.75,9,S,0
19.75,9,E,1
19.75,9,W,0
19.75,10,N,0
19.75,10,S,1
19.75,10,E,0
19.75,10,W,0
19.75,11,N,1
19.75,11,S,0
19.75,11,E,1
19.75,11,W,0
19.833,0,N,0
19.833,0,S,1
19.833,0,E,1
19.833,0,W,0
19.833,1,N,0
19.833,1,S,0
19.833,1,E,0
19.833,1,W,2
19.833,2,N,0
19.833,2,S,0
19.833,2,E,1
19.833,2,W,1
19.833,3,N,0
19.833,3,S,0
19.833,3,E,0
19.833,3,W,0
19.833,4,N,0
19.833,4,S,0
19.833,4,E,0
19.833,4,W,0
19.833,5,N,0
19.833,5,S,2
19.833,5,E,0
19.833,5,W,0
19.833,6,N,0
19.833,6,S,1
19.833,6,E,0
19.833,6,W,0
19.833,7,N,0
19.833,7,S,0
19.833,7,E,0
19.833,7,W,0
19.833,8,N,1
19.833,8,S,0
19.833,8,E,1
19.833,8,W,1
19.833,9,N,0
19.833,9,S,0
19.833,9,E,1
19.833,9,W,1
19.833,10,N,1
19.833,10,S,0
19.833,10,E,0
19.833,10,W,2
19.833,11,N,0
19.833,11,S,0
19.833,11,E,1
19.833,11,W,0
19.917,0,N,0
19.917,0,S,0
19.917,0,E,1
19.917,0,W,1
19.917,1,N,0
19.917,1,S,0
19.917,1,E,0
19.917,1,W,0
19.917,2,N,0
19.917,2,S,0
19.917,2,E,1
19.917,2,W,0
19.917,3,N,0
19.917,3,S,0
19.917,3,E,1
19.917,3,W,0
19.917,4,N,1
19.917,4,S,0
19.917,4,E,1
19.917,4,W,0
19.917,5,N,0
19.917,5,S,2
19.917,5,E,0
19.917,5,W,0
19.917,6,N,0
19.917,6,S,0
19.917,6,E,0
19.917,6,W,1
19.917,7,N,0
19.917,7,S,1
19.917,7,E,1
19.917,7,W,1
19.917,8,N,0
19.917,8,S,0
19.917,8,E,1
19.917,8,W,0
19.917,9,N,0
19.917,9,S,0
19.917,9,E,0
19.917,9,W,1
19.917,10,N,0
19.917,10,S,0
19.917,10,E,0
19.917,10,W,1
19.917,11,N,0
19.917,11,S,1
19.917,11,E,1
19.917,11,W,1
20.0,0,N,0
20.0,0,S,0
20.0,0,E,0
20.0,0,W,0
20.0,1,N,0
20.0,1,S,0
20.0,1,E,0
20.0,1,W,1
20.0,2,N,0
20.0,2,S,0
20.0,2,E,0
20.0,2,W,0
20.0,3,N,0
20.0,3,S,1
20.0,3,E,1
20.0,3,W,0
20.0,4,N,0
20.0,4,S,1
20.0,4,E,1
20.0,4,W,1
20.0,5,N,1
20.0,5,S,2
20.0,5,E,0
20.0,5,W,0
20.0,6,N,0
20.0,6,S,0
20.0,6,E,0
20.0,6,W,0
20.0,7,N,0
20.0,7,S,0
20.0,7,E,0
20.0,7,W,0
20.0,8,N,0
20.0,8,S,0
20.0,8,E,0
20.0,8,W,2
20.0,9,N,0
20.0,9,S,0
20.0,9,E,0
20.0,9,W,0
20.0,10,N,0
20.0,10,S,0
20.0,10,E,0
20.0,10,W,0
20.0,11,N,0
20.0,11,S,1
20.0,11,E,0
20.0,11,W,0
20.083,0,N,0
20.083,0,S,0
20.083,0,E,0
20.083,0,W,0
20.083,1,N,0
20.083,1,S,0
20.083,1,E,0
20.083,1,W,0
20.083,2,N,0
20.083,2,S,0
20.083,2,E,1
20.083,2,W,1
20.083,3,N,0
20.083,3,S,2
20.083,3,E,0
20.083,3,W,0
20.083,4,N,0
20.083,4,S,1
20.083,4,E,0
20.083,4,W,0
20.083,5,N,0
20.083,5,S,0
20.083,5,E,0
20.083,5,W,1
20.083,6,N,0
20.083,6,S,0
20.083,6,E,0
20.083,6,W,0
20.083,7,N,1
20.083,7,S,0
20.083,7,E,0
20.083,7,W,0
20.083,8,N,0
20.083,8,S,0
20.083,8,E,1
20.083,8,W,2
20.083,9,N,0
20.083,9,S,0
20.083,9,E,1
20.083,9,W,0
20.083,10,N,0
20.083,10,S,0
20.083,10,E,0
20.083,10,W,1
20.083,11,N,0
20.083,11,S,0
20.083,11,E,0
20.083,11,W,0
20.167,0,N,0
20.167,0,S,0
20.167,0,E,0
20.167,0,W,1
20.167,1,N,0
20.167,1,S,0
20.167,1,E,0
20.167,1,W,0
20.167,2,N,0
20.167,2,S,0
20.167,2,E,0
20.167,2,W,0
20.167,3,N,0
20.167,3,S,0
20.167,3,E,0
20.167,3,W,1
20.167,4,N,0
20.167,4,S,1
20.167,4,E,1
20.167,4,W,1
20.167,5,N,0
20.167,5,S,0
20.167,5,E,0
20.167,5,W,0
20.167,6,N,0
20.167,6,S,0
20.167,6,E,0
20.167,6,W,0
20.167,7,N,0
20.167,7,S,0
20.167,7,E,0
20.167,7,W,2
20.167,8,N,0
20.167,8,S,0
20.167,8,E,1
20.167,8,W,0
20.167,9,N,0
20.167,9,S,0
20.167,9,E,0
20.167,9,W,0
20.167,10,N,0
20.167,10,S,1
20.167,10,E,0
20.167,10,W,0
20.167,11,N,0
20.167,11,S,1
20.167,11,E,0
20.167,11,W,0
20.25,0,N,0
20.25,0,S,0
20.25,0,E,1
20.25,0,W,0
20.25,1,N,0
20.25,1,S,0
20.25,1,E,0
20.25,1,W,0
20.25,2,N,0
20.25,2,S,1
20.25,2,E,0
20.25,2,W,1
20.25,3,N,0
20.25,3,S,0
20.25,3,E,1
20.25,3,W,1
20.25,4,N,0
20.25,4,S,1
20.25,4,E,0
20.25,4,W,0
20.25,5,N,0
20.25,5,S,0
20.25,5,E,0
20.25,5,W,0
20.25,6,N,0
20.25,6,S,1
20.25,6,E,0
20.25,6,W,0
20.25,7,N,0
20.25,7,S,0
20.25,7,E,0
20.25,7,W,0
20.25,8,N,0
20.25,8,S,0
20.25,8,E,1
20.25,8,W,1
20.25,9,N,0
20.25,9,S,0
20.25,9,E,0
20.25,9,W,1
20.25,10,N,0
20.25,10,S,0
20.25,10,E,0
20.25,10,W,0
20.25,11,N,1
20.25,11,S,0
20.25,11,E,1
20.25,11,W,0
20.333,0,N,0
20.333,0,S,0
20.333,0,E,0
20.333,0,W,0
20.333,1,N,1
20.333,1,S,0
20.333,1,E,0
20.333,1,W,0
20.333,2,N,0
20.333,2,S,0
20.333,2,E,0
20.333,2,W,0
20.333,3,N,0
20.333,3,S,0
20.333,3,E,0
20.333,3,W,0
20.333,4,N,0
20.333,4,S,0
20.333,4,E,2
20.333,4,W,0
20.333,5,N,0
20.333,5,S,0
20.333,5,E,0
20.333,5,W,0
20.333,6,N,0
20.333,6,S,0
20.333,6,E,0
20.333,6,W,1
20.333,7,N,1
20.333,7,S,0
20.333,7,E,1
20.333,7,W,0
20.333,8,N,0
20.333,8,S,0
20.333,8,E,0
20.333,8,W,0
20.333,9,N,0
20.333,9,S,0
20.333,9,E,0
20.333,9,W,0
20.333,10,N,1
20.333,10,S,1
20.333,10,E,0
20.333,10,W,1
20.333,11,N,0
20.333,11,S,0
20.333,11,E,0
20.333,11,W,1
20.417,0,N,0
20.417,0,S,0
20.417,0,E,0
20.417,0,W,1
20.417,1,N,0
20.417,1,S,1
20.417,1,E,0
20.417,1,W,0
20.417,2,N,0
20.417,2,S,0
20.417,2,E,0
20.417,2,W,0
20.417,3,N,0
20.417,3,S,0
20.417,3,E,0
20.417,3,W,0
20.417,4,N,0
20.417,4,S,0
20.417,4,E,0
20.417,4,W,0
20.417,5,N,0
20.417,5,S,0
20.417,5,E,0
20.417,5,W,0
20.417,6,N,0
20.417,6,S,0
20.417,6,E,0
20.417,6,W,0
20.417,7,N,0
20.417,7,S,1
20.417,7,E,1
20.417,7,W,1
20.417,8,N,0
20.417,8,S,0
20.417,8,E,0
20.417,8,W,0
20.417,9,N,0
20.417,9,S,0
20.417,9,E,0
20.417,9,W,0
20.417,10,N,0
20.417,10,S,0
20.417,10,E,0
20.417,10,W,0
20.417,11,N,0
20.417,11,S,0
20.417,11,E,0
20.417,11,W,1
20.5,0,N,0
20.5,0,S,0
20.5,0,E,0
20.5,0,W,0
20.5,1,N,1
20.5,1,S,1
20.5,1,E,0
20.5,1,W,0
20.5,2,N,1
20.5,2,S,0
20.5,2,E,0
20.5,2,W,1
20.5,3,N,0
20.5,3,S,0
20.5,3,E,0
20.5,3,W,0
20.5,4,N,1
20.5,4,S,0
20.5,4,E,0
20.5,4,W,1
20.5,5,N,0
20.5,5,S,0
20.5,5,E,1
20.5,5,W,0
20.5,6,N,0
20.5,6,S,0
20.5,6,E,1
20.5,6,W,0
20.5,7,N,0
20.5,7,S,0
20.5,7,E,0
20.5,7,W,0
20.5,8,N,0
20.5,8,S,0
20.5,8,E,0
20.5,8,W,0
20.5,9,N,0
20.5,9,S,2
20.5,9,E,0
20.5,9,W,1
20.5,10,N,0
20.5,10,S,0
20.5,10,E,0
20.5,10,W,0
20.5,11,N,0
20.5,11,S,0
20.5,11,E,1
20.5,11,W,1
20.583,0,N,0
20.583,0,S,1
20.583,0,E,0
20.583,0,W,0
20.583,1,N,0
20.583,1,S,0
20.583,1,E,0
20.583,1,W,1
20.583,2,N,0
20.583,2,S,0
20.583,2,E,0
20.583,2,W,0
20.583,3,N,0
20.583,3,S,0
20.583,3,E,0
20.583,3,W,0
20.583,4,N,0
20.583,4,S,0
20.583,4,E,0
20.583,4,W,0
20.583,5,N,0
20.583,5,S,0
20.583,5,E,0
20.583,5,W,0
20.583,6,N,0
20.583,6,S,2
20.583,6,E,0
20.583,6,W,1
20.583,7,N,0
20.583,7,S,0
20.583,7,E,0
20.583,7,W,0
20.583,8,N,0
20.583,8,S,1
20.583,8,E,0
20.583,8,W,0
20.583,9,N,1
20.583,9,S,0
20.583,9,E,0
20.583,9,W,0
20.583,10,N,1
20.583,10,S,1
20.583,10,E,0
20.583,10,W,0
20.583,11,N,0
20.583,11,S,0
20.583,11,E,0
20.583,11,W,0
20.667,0,N,0
20.667,0,S,0
20.667,0,E,0
20.667,0,W,0
20.667,1,N,0
20.667,1,S,0
20.667,1,E,1
20.667,1,W,1
20.667,2,N,0
20.667,2,S,0
20.667,2,E,0
20.667,2,W,0
20.667,3,N,0
20.667,3,S,0
20.667,3,E,1
20.667,3,W,0
20.667,4,N,0
20.667,4,S,0
20.667,4,E,0
20.667,4,W,0
20.667,5,N,0
20.667,5,S,0
20.667,5,E,1
20.667,5,W,0
20.667,6,N,0
20.667,6,S,0
20.667,6,E,1
20.667,6,W,0
20.667,7,N,0
20.667,7,S,0
20.667,7,E,0
20.667,7,W,0
20.667,8,N,0
20.667,8,S,1
20.667,8,E,0
20.667,8,W,0
20.667,9,N,0
20.667,9,S,0
20.667,9,E,0
20.667,9,W,0
20.667,10,N,0
20.667,10,S,0
20.667,10,E,0
20.667,10,W,0
20.667,11,N,0
20.667,11,S,0
20.667,11,E,0
20.667,11,W,0
20.75,0,N,0
20.75,0,S,0
20.75,0,E,0
20.75,0,W,0
20.75,1,N,0
20.75,1,S,1
20.75,1,E,0
20.75,1,W,0
20.75,2,N,0
20.75,2,S,0
20.75,2,E,0
20.75,2,W,0
20.75,3,N,1
20.75,3,S,0
20.75,3,E,1
20.75,3,W,0
20.75,4,N,0
20.75,4,S,1
20.75,4,E,0
20.75,4,W,0
20.75,5,N,0
20.75,5,S,0
20.75,5,E,0
20.75,5,W,0
20.75,6,N,0
20.75,6,S,0
20.75,6,E,0
20.75,6,W,0
20.75,7,N,0
20.75,7,S,0
20.75,7,E,0
20.75,7,W,0
20.75,8,N,0
20.75,8,S,0
20.75,8,E,0
20.75,8,W,0
20.75,9,N,0
20.75,9,S,0
20.75,9,E,0
20.75,9,W,0
20.75,10,N,0
20.75,10,S,0
20.75,10,E,0
20.75,10,W,0
20.75,11,N,0
20.75,11,S,1
20.75,11,E,0
20.75,11,W,0
20.833,0,N,0
20.833,0,S,0
20.833,0,E,0
20.833,0,W,0
20.833,1,N,0
20.833,1,S,1
20.833,1,E,1
20.833,1,W,0
20.833,2,N,0
20.833,2,S,0
20.833,2,E,0
20.833,2,W,0
20.833,3,N,0
20.833,3,S,0
20.833,3,E,0
20.833,3,W,0
20.833,4,N,0
20.833,4,S,1
20.833,4,E,0
20.833,4,W,0
20.833,5,N,0
20.833,5,S,0
20.833,5,E,0
20.833,5,W,0
20.833,6,N,0
20.833,6,S,1
20.833,6,E,0
20.833,6,W,0
20.833,7,N,0
20.833,7,S,0
20.833,7,E,0
20.833,7,W,1
20.833,8,N,0
20.833,8,S,0
20.833,8,E,0
20.833,8,W,0
20.833,9,N,0
20.833,9,S,0
20.833,9,E,0
20.833,9,W,0
20.833,10,N,0
20.833,10,S,0
20.833,10,E,0
20.833,10,W,1
20.833,11,N,2
20.833,11,S,0
20.833,11,E,0
20.833,11,W,0
20.917,0,N,0
20.917,0,S,1
20.917,0,E,0
20.917,0,W,0
20.917,1,N,0
20.917,1,S,0
20.917,1,E,0
20.917,1,W,0
20.917,2,N,0
20.917,2,S,0
20.917,2,E,0
20.917,2,W,0
20.917,3,N,1
20.917,3,S,0
20.917,3,E,0
20.917,3,W,0
20.917,4,N,0
20.917,4,S,0
20.917,4,E,0
20.917,4,W,0
20.917,5,N,0
20.917,5,S,0
20.917,5,E,0
20.917,5,W,0
20.917,6,N,2
20.917,6,S,0
20.917,6,E,0
20.917,6,W,0
20.917,7,N,0
20.917,7,S,0
20.917,7,E,0
20.917,7,W,1
20.917,8,N,0
20.917,8,S,0
20.917,8,E,0
20.917,8,W,0
20.917,9,N,1
20.917,9,S,0
20.917,9,E,0
20.917,9,W,0
20.917,10,N,0
20.917,10,S,0
20.917,10,E,0
20.917,10,W,0
20.917,11,N,0
20.917,11,S,0
20.917,11,E,0
20.917,11,W,0
21.0,0,N,0
21.0,0,S,0
21.0,0,E,0
21.0,0,W,0
21.0,1,N,0
21.0,1,S,0
21.0,1,E,1
21.0,1,W,0
21.0,2,N,0
21.0,2,S,1
21.0,2,E,0
21.0,2,W,0
21.0,3,N,0
21.0,3,S,1
21.0,3,E,0
21.0,3,W,0
21.0,4,N,0
21.0,4,S,0
21.0,4,E,1
21.0,4,W,0
21.0,5,N,0
21.0,5,S,0
21.0,5,E,0
21.0,5,W,0
21.0,6,N,0
21.0,6,S,0
21.0,6,E,0
21.0,6,W,1
21.0,7,N,0
21.0,7,S,0
21.0,7,E,2
21.0,7,W,0
21.0,8,N,0
21.0,8,S,0
21.0,8,E,0
21.0,8,W,0
21.0,9,N,1
21.0,9,S,0
21.0,9,E,0
21.0,9,W,0
21.0,10,N,0
21.0,10,S,0
21.0,10,E,1
21.0,10,W,0
21.0,11,N,0
21.0,11,S,0
21.0,11,E,0
21.0,11,W,0
21.083,0,N,0
21.083,0,S,0
21.083,0,E,0
21.083,0,W,0
21.083,1,N,0
21.083,1,S,0
21.083,1,E,0
21.083,1,W,1
21.083,2,N,0
21.083,2,S,0
21.083,2,E,0
21.083,2,W,0
21.083,3,N,0
21.083,3,S,1
21.083,3,E,0
21.083,3,W,0
21.083,4,N,0
21.083,4,S,0
21.083,4,E,0
21.083,4,W,0
21.083,5,N,1
21.083,5,S,0
21.083,5,E,0
21.083,5,W,0
21.083,6,N,0
21.083,6,S,0
21.083,6,E,0
21.083,6,W,0
21.083,7,N,0
21.083,7,S,0
21.083,7,E,1
21.083,7,W,0
21.083,8,N,0
21.083,8,S,0
21.083,8,E,0
21.083,8,W,0
21.083,9,N,0
21.083,9,S,0
21.083,9,E,0
21.083,9,W,0
21.083,10,N,0
21.083,10,S,0
21.083,10,E,0
21.083,10,W,0
21.083,11,N,0
21.083,11,S,0
21.083,11,E,0
21.083,11,W,0
21.167,0,N,0
21.167,0,S,0
21.167,0,E,0
21.167,0,W,0
21.167,1,N,0
21.167,1,S,1
21.167,1,E,0
21.167,1,W,0
21.167,2,N,0
21.167,2,S,0
21.167,2,E,1
21.167,2,W,0
21.167,3,N,1
21.167,3,S,0
21.167,3,E,0
21.167,3,W,0
21.167,4,N,0
21.167,4,S,1
21.167,4,E,1
21.167,4,W,0
21.167,5,N,0
21.167,5,S,0
21.167,5,E,0
21.167,5,W,0
21.167,6,N,0
21.167,6,S,0
21.167,6,E,0
21.167,6,W,0
21.167,7,N,0
21.167,7,S,0
21.167,7,E,1
21.167,7,W,0
21.167,8,N,1
21.167,8,S,0
21.167,8,E,0
21.167,8,W,0
21.167,9,N,0
21.167,9,S,0
21.167,9,E,0
21.167,9,W,0
21.167,10,N,1
21.167,10,S,0
21.167,10,E,0
21.167,10,W,0
21.167,11,N,0
21.167,11,S,0
21.167,11,E,0
21.167,11,W,0
21.25,0,N,0
21.25,0,S,0
21.25,0,E,0
21.25,0,W,1
21.25,1,N,0
21.25,1,S,0
21.25,1,E,0
21.25,1,W,0
21.25,2,N,0
21.25,2,S,0
21.25,2,E,0
21.25,2,W,0
21.25,3,N,2
21.25,3,S,0
21.25,3,E,2
21.25,3,W,0
21.25,4,N,0
21.25,4,S,0
21.25,4,E,0
21.25,4,W,0
21.25,5,N,0
21.25,5,S,0
21.25,5,E,0
21.25,5,W,0
21.25,6,N,0
21.25,6,S,0
21.25,6,E,0
21.25,6,W,1
21.25,7,N,0
21.25,7,S,0
21.25,7,E,0
21.25,7,W,0
21.25,8,N,0
21.25,8,S,0
21.25,8,E,0
21.25,8,W,0
21.25,9,N,0
21.25,9,S,0
21.25,9,E,0
21.25,9,W,0
21.25,10,N,1
21.25,10,S,0
21.25,10,E,0
21.25,10,W,0
21.25,11,N,0
21.25,11,S,0
21.25,11,E,1
21.25,11,W,1
21.333,0,N,0
21.333,0,S,0
21.333,0,E,0
21.333,0,W,0
21.333,1,N,0
21.333,1,S,1
21.333,1,E,0
21.333,1,W,0
21.333,2,N,0
21.333,2,S,0
21.333,2,E,2
21.333,2,W,0
21.333,3,N,0
21.333,3,S,0
21.333,3,E,0
21.333,3,W,0
21.333,4,N,0
21.333,4,S,0
21.333,4,E,0
21.333,4,W,0
21.333,5,N,1
21.333,5,S,0
21.333,5,E,0
21.333,5,W,0
21.333,6,N,0
21.333,6,S,0
21.333,6,E,0
21.333,6,W,0
21.333,7,N,0
21.333,7,S,0
21.333,7,E,0
21.333,7,W,0
21.333,8,N,0
21.333,8,S,0
21.333,8,E,0
21.333,8,W,0
21.333,9,N,0
21.333,9,S,0
21.333,9,E,0
21.333,9,W,0
21.333,10,N,0
21.333,10,S,0
21.333,10,E,0
21.333,10,W,0
21.333,11,N,0
21.333,11,S,0
21.333,11,E,0
21.333,11,W,0
21.417,0,N,0
21.417,0,S,0
21.417,0,E,0
21.417,0,W,0
21.417,1,N,0
21.417,1,S,0
21.417,1,E,1
21.417,1,W,0
21.417,2,N,1
21.417,2,S,0
21.417,2,E,0
21.417,2,W,0
21.417,3,N,0
21.417,3,S,0
21.417,3,E,0
21.417,3,W,0
21.417,4,N,1
21.417,4,S,0
21.417,4,E,0
21.417,4,W,0
21.417,5,N,1
21.417,5,S,0
21.417,5,E,0
21.417,5,W,0
21.417,6,N,1
21.417,6,S,0
21.417,6,E,0
21.417,6,W,0
21.417,7,N,0
21.417,7,S,0
21.417,7,E,0
21.417,7,W,0
21.417,8,N,0
21.417,8,S,0
21.417,8,E,0
21.417,8,W,1
21.417,9,N,0
21.417,9,S,0
21.417,9,E,0
21.417,9,W,1
21.417,10,N,0
21.417,10,S,0
21.417,10,E,0
21.417,10,W,0
21.417,11,N,0
21.417,11,S,0
21.417,11,E,0
21.417,11,W,1
21.5,0,N,0
21.5,0,S,0
21.5,0,E,1
21.5,0,W,1
21.5,1,N,0
21.5,1,S,0
21.5,1,E,0
21.5,1,W,0
21.5,2,N,2
21.5,2,S,0
21.5,2,E,0
21.5,2,W,0
21.5,3,N,1
21.5,3,S,1
21.5,3,E,0
21.5,3,W,0
21.5,4,N,0
21.5,4,S,0
21.5,4,E,1
21.5,4,W,0
21.5,5,N,0
21.5,5,S,0
21.5,5,E,1
21.5,5,W,0
21.5,6,N,0
21.5,6,S,0
21.5,6,E,0
21.5,6,W,0
21.5,7,N,0
21.5,7,S,0
21.5,7,E,0
21.5,7,W,0
21.5,8,N,0
21.5,8,S,0
21.5,8,E,1
21.5,8,W,0
21.5,9,N,0
21.5,9,S,0
21.5,9,E,1
21.5,9,W,0
21.5,10,N,0
21.5,10,S,0
21.5,10,E,0
21.5,10,W,0
21.5,11,N,0
21.5,11,S,0
21.5,11,E,0
21.5,11,W,0
21.583,0,N,0
21.583,0,S,0
21.583,0,E,0
21.583,0,W,0
21.583,1,N,0
21.583,1,S,0
21.583,1,E,0
21.583,1,W,0
21.583,2,N,0
21.583,2,S,0
21.583,2,E,0
21.583,2,W,0
21.583,3,N,0
21.583,3,S,0
21.583,3,E,0
21.583,3,W,0
21.583,4,N,0
21.583,4,S,0
21.583,4,E,0
21.583,4,W,0
21.583,5,N,0
21.583,5,S,0
21.583,5,E,0
21.583,5,W,0
21.583,6,N,0
21.583,6,S,0
21.583,6,E,0
21.583,6,W,0
21.583,7,N,0
21.583,7,S,0
21.583,7,E,0
21.583,7,W,0
21.583,8,N,0
21.583,8,S,0
21.583,8,E,0
21.583,8,W,0
21.583,9,N,0
21.583,9,S,0
21.583,9,E,0
21.583,9,W,0
21.583,10,N,0
21.583,10,S,0
21.583,10,E,0
21.583,10,W,1
21.583,11,N,0
21.583,11,S,1
21.583,11,E,0
21.583,11,W,0
21.667,0,N,0
21.667,0,S,0
21.667,0,E,0
21.667,0,W,0
21.667,1,N,0
21.667,1,S,0
21.667,1,E,0
21.667,1,W,0
21.667,2,N,0
21.667,2,S,0
21.667,2,E,0
21.667,2,W,0
21.667,3,N,0
21.667,3,S,0
21.667,3,E,0
21.667,3,W,0
21.667,4,N,0
21.667,4,S,0
21.667,4,E,0
21.667,4,W,0
21.667,5,N,0
21.667,5,S,0
21.667,5,E,0
21.667,5,W,0
21.667,6,N,0
21.667,6,S,0
21.667,6,E,0
21.667,6,W,0
21.667,7,N,0
21.667,7,S,0
21.667,7,E,0
21.667,7,W,1
21.667,8,N,0
21.667,8,S,0
21.667,8,E,0
21.667,8,W,0
21.667,9,N,0
21.667,9,S,0
21.667,9,E,0
21.667,9,W,0
21.667,10,N,0
21.667,10,S,0
21.667,10,E,1
21.667,10,W,1
21.667,11,N,0
21.667,11,S,0
21.667,11,E,0
21.667,11,W,0
21.75,0,N,0
21.75,0,S,0
21.75,0,E,0
21.75,0,W,1
21.75,1,N,0
21.75,1,S,0
21.75,1,E,0
21.75,1,W,0
21.75,2,N,0
21.75,2,S,0
21.75,2,E,0
21.75,2,W,0
21.75,3,N,1
21.75,3,S,1
21.75,3,E,1
21.75,3,W,1
21.75,4,N,0
21.75,4,S,0
21.75,4,E,0
21.75,4,W,0
21.75,5,N,0
21.75,5,S,0
21.75,5,E,0
21.75,5,W,0
21.75,6,N,0
21.75,6,S,0
21.75,6,E,0
21.75,6,W,0
21.75,7,N,0
21.75,7,S,0
21.75,7,E,1
21.75,7,W,0
21.75,8,N,0
21.75,8,S,0
21.75,8,E,0
21.75,8,W,0
21.75,9,N,0
21.75,9,S,0
21.75,9,E,0
21.75,9,W,0
21.75,10,N,0
21.75,10,S,0
21.75,10,E,0
21.75,10,W,0
21.75,11,N,0
21.75,11,S,0
21.75,11,E,0
21.75,11,W,0
21.833,0,N,0
21.833,0,S,0
21.833,0,E,0
21.833,0,W,0
21.833,1,N,1
21.833,1,S,0
21.833,1,E,0
21.833,1,W,0
21.833,2,N,0
21.833,2,S,0
21.833,2,E,1
21.833,2,W,0
21.833,3,N,0
21.833,3,S,0
21.833,3,E,1
21.833,3,W,0
21.833,4,N,0
21.833,4,S,0
21.833,4,E,0
21.833,4,W,0
21.833,5,N,0
21.833,5,S,1
21.833,5,E,0
21.833,5,W,0
21.833,6,N,0
21.833,6,S,0
21.833,6,E,0
21.833,6,W,0
21.833,7,N,0
21.833,7,S,0
21.833,7,E,0
21.833,7,W,0
21.833,8,N,0
21.833,8,S,0
21.833,8,E,0
21.833,8,W,0
21.833,9,N,0
21.833,9,S,1
21.833,9,E,0
21.833,9,W,0
21.833,10,N,0
21.833,10,S,0
21.833,10,E,0
21.833,10,W,0
21.833,11,N,0
21.833,11,S,0
21.833,11,E,0
21.833,11,W,0
21.917,0,N,0
21.917,0,S,0
21.917,0,E,0
21.917,0,W,0
21.917,1,N,0
21.917,1,S,1
21.917,1,E,0
21.917,1,W,1
21.917,2,N,0
21.917,2,S,0
21.917,2,E,0
21.917,2,W,0
21.917,3,N,0
21.917,3,S,0
21.917,3,E,0
21.917,3,W,0
21.917,4,N,0
21.917,4,S,0
21.917,4,E,0
21.917,4,W,0
21.917,5,N,0
21.917,5,S,0
21.917,5,E,1
21.917,5,W,0
21.917,6,N,0
21.917,6,S,0
21.917,6,E,0
21.917,6,W,1
21.917,7,N,0
21.917,7,S,0
21.917,7,E,0
21.917,7,W,1
21.917,8,N,0
21.917,8,S,0
21.917,8,E,0
21.917,8,W,0
21.917,9,N,0
21.917,9,S,0
21.917,9,E,0
21.917,9,W,0
21.917,10,N,0
21.917,10,S,0
21.917,10,E,0
21.917,10,W,0
21.917,11,N,0
21.917,11,S,0
21.917,11,E,0
21.917,11,W,0
22.0,0,N,0
22.0,0,S,0
22.0,0,E,0
22.0,0,W,0
22.0,1,N,0
22.0,1,S,0
22.0,1,E,0
22.0,1,W,0
22.0,2,N,0
22.0,2,S,0
22.0,2,E,0
22.0,2,W,0
22.0,3,N,0
22.0,3,S,0
22.0,3,E,0
22.0,3,W,0
22.0,4,N,0
22.0,4,S,0
22.0,4,E,0
22.0,4,W,0
22.0,5,N,0
22.0,5,S,0
22.0,5,E,1
22.0,5,W,0
22.0,6,N,0
22.0,6,S,0
22.0,6,E,0
22.0,6,W,0
22.0,7,N,0
22.0,7,S,0
22.0,7,E,0
22.0,7,W,0
22.0,8,N,1
22.0,8,S,0
22.0,8,E,1
22.0,8,W,0
22.0,9,N,0
22.0,9,S,0
22.0,9,E,0
22.0,9,W,1
22.0,10,N,0
22.0,10,S,0
22.0,10,E,0
22.0,10,W,0
22.0,11,N,0
22.0,11,S,0
22.0,11,E,0
22.0,11,W,2
22.083,0,N,0
22.083,0,S,0
22.083,0,E,0
22.083,0,W,0
22.083,1,N,0
22.083,1,S,0
22.083,1,E,1
22.083,1,W,0
22.083,2,N,0
22.083,2,S,0
22.083,2,E,1
22.083,2,W,0
22.083,3,N,0
22.083,3,S,0
22.083,3,E,1
22.083,3,W,0
22.083,4,N,0
22.083,4,S,0
22.083,4,E,0
22.083,4,W,1
22.083,5,N,0
22.083,5,S,0
22.083,5,E,0
22.083,5,W,0
22.083,6,N,0
22.083,6,S,0
22.083,6,E,0
22.083,6,W,1
22.083,7,N,0
22.083,7,S,0
22.083,7,E,0
22.083,7,W,0
22.083,8,N,0
22.083,8,S,0
22.083,8,E,0
22.083,8,W,0
22.083,9,N,0
22.083,9,S,0
22.083,9,E,0
22.083,9,W,1
22.083,10,N,1
22.083,10,S,1
22.083,10,E,0
22.083,10,W,0
22.083,11,N,0
22.083,11,S,0
22.083,11,E,0
22.083,11,W,0
22.167,0,N,0
22.167,0,S,0
22.167,0,E,0
22.167,0,W,0
22.167,1,N,0
22.167,1,S,0
22.167,1,E,0
22.167,1,W,0
22.167,2,N,0
22.167,2,S,0
22.167,2,E,0
22.167,2,W,1
22.167,3,N,0
22.167,3,S,0
22.167,3,E,1
22.167,3,W,0
22.167,4,N,0
22.167,4,S,0
22.167,4,E,1
22.167,4,W,1
22.167,5,N,0
22.167,5,S,0
22.167,5,E,1
22.167,5,W,0
22.167,6,N,1
22.167,6,S,0
22.167,6,E,0
22.167,6,W,0
22.167,7,N,2
22.167,7,S,0
22.167,7,E,0
22.167,7,W,0
22.167,8,N,0
22.167,8,S,1
22.167,8,E,0
22.167,8,W,0
22.167,9,N,0
22.167,9,S,0
22.167,9,E,0
22.167,9,W,0
22.167,10,N,0
22.167,10,S,0
22.167,10,E,0
22.167,10,W,0
22.167,11,N,0
22.167,11,S,1
22.167,11,E,0
22.167,11,W,0
22.25,0,N,0
22.25,0,S,0
22.25,0,E,0
22.25,0,W,0
22.25,1,N,0
22.25,1,S,1
22.25,1,E,0
22.25,1,W,0
22.25,2,N,0
22.25,2,S,0
22.25,2,E,0
22.25,2,W,0
22.25,3,N,0
22.25,3,S,0
22.25,3,E,0
22.25,3,W,0
22.25,4,N,0
22.25,4,S,0
22.25,4,E,0
22.25,4,W,0
22.25,5,N,0
22.25,5,S,0
22.25,5,E,0
22.25,5,W,1
22.25,6,N,0
22.25,6,S,0
22.25,6,E,0
22.25,6,W,0
22.25,7,N,0
22.25,7,S,0
22.25,7,E,0
22.25,7,W,0
22.25,8,N,0
22.25,8,S,1
22.25,8,E,0
22.25,8,W,0
22.25,9,N,0
22.25,9,S,0
22.25,9,E,0
22.25,9,W,0
22.25,10,N,0
22.25,10,S,0
22.25,10,E,0
22.25,10,W,1
22.25,11,N,0
22.25,11,S,0
22.25,11,E,0
22.25,11,W,0
22.333,0,N,0
22.333,0,S,0
22.333,0,E,0
22.333,0,W,0
22.333,1,N,0
22.333,1,S,0
22.333,1,E,0
22.333,1,W,0
22.333,2,N,0
22.333,2,S,0
22.333,2,E,0
22.333,2,W,0
22.333,3,N,0
22.333,3,S,0
22.333,3,E,0
22.333,3,W,0
22.333,4,N,0
22.333,4,S,0
22.333,4,E,0
22.333,4,W,0
22.333,5,N,0
22.333,5,S,0
22.333,5,E,0
22.333,5,W,0
22.333,6,N,0
22.333,6,S,0
22.333,6,E,0
22.333,6,W,0
22.333,7,N,0
22.333,7,S,0
22.333,7,E,0
22.333,7,W,0
22.333,8,N,0
22.333,8,S,0
22.333,8,E,0
22.333,8,W,0
22.333,9,N,0
22.333,9,S,1
22.333,9,E,0
22.333,9,W,0
22.333,10,N,0
22.333,10,S,0
22.333,10,E,1
22.333,10,W,0
22.333,11,N,0
22.333,11,S,0
22.333,11,E,0
22.333,11,W,0
22.417,0,N,0
22.417,0,S,0
22.417,0,E,0
22.417,0,W,0
22.417,1,N,0
22.417,1,S,0
22.417,1,E,0
22.417,1,W,0
22.417,2,N,0
22.417,2,S,0
22.417,2,E,0
22.417,2,W,0
22.417,3,N,0
22.417,3,S,0
22.417,3,E,0
22.417,3,W,1
22.417,4,N,1
22.417,4,S,0
22.417,4,E,0
22.417,4,W,0
22.417,5,N,0
22.417,5,S,0
22.417,5,E,0
22.417,5,W,0
22.417,6,N,0
22.417,6,S,0
22.417,6,E,1
22.417,6,W,0
22.417,7,N,0
22.417,7,S,0
22.417,7,E,0
22.417,7,W,0
22.417,8,N,0
22.417,8,S,0
22.417,8,E,0
22.417,8,W,0
22.417,9,N,0
22.417,9,S,0
22.417,9,E,0
22.417,9,W,0
22.417,10,N,0
22.417,10,S,0
22.417,10,E,0
22.417,10,W,0
22.417,11,N,0
22.417,11,S,0
22.417,11,E,0
22.417,11,W,0
22.5,0,N,0
22.5,0,S,0
22.5,0,E,0
22.5,0,W,0
22.5,1,N,0
22.5,1,S,0
22.5,1,E,0
22.5,1,W,0
22.5,2,N,0
22.5,2,S,0
22.5,2,E,0
22.5,2,W,0
22.5,3,N,0
22.5,3,S,0
22.5,3,E,0
22.5,3,W,0
22.5,4,N,0
22.5,4,S,0
22.5,4,E,0
22.5,4,W,0
22.5,5,N,0
22.5,5,S,0
22.5,5,E,0
22.5,5,W,0
22.5,6,N,0
22.5,6,S,1
22.5,6,E,0
22.5,6,W,0
22.5,7,N,1
22.5,7,S,0
22.5,7,E,0
22.5,7,W,0
22.5,8,N,0
22.5,8,S,0
22.5,8,E,0
22.5,8,W,0
22.5,9,N,0
22.5,9,S,0
22.5,9,E,0
22.5,9,W,0
22.5,10,N,0
22.5,10,S,0
22.5,10,E,0
22.5,10,W,0
22.5,11,N,0
22.5,11,S,0
22.5,11,E,0
22.5,11,W,0
22.583,0,N,0
22.583,0,S,0
22.583,0,E,0
22.583,0,W,0
22.583,1,N,0
22.583,1,S,0
22.583,1,E,0
22.583,1,W,0
22.583,2,N,0
22.583,2,S,0
22.583,2,E,0
22.583,2,W,0
22.583,3,N,0
22.583,3,S,0
22.583,3,E,0
22.583,3,W,0
22.583,4,N,0
22.583,4,S,0
22.583,4,E,0
22.583,4,W,1
22.583,5,N,0
22.583,5,S,0
22.583,5,E,0
22.583,5,W,1
22.583,6,N,0
22.583,6,S,0
22.583,6,E,0
22.583,6,W,0
22.583,7,N,0
22.583,7,S,0
22.583,7,E,0
22.583,7,W,0
22.583,8,N,0
22.583,8,S,0
22.583,8,E,0
22.583,8,W,0
22.583,9,N,0
22.583,9,S,0
22.583,9,E,0
22.583,9,W,0
22.583,10,N,0
22.583,10,S,0
22.583,10,E,0
22.583,10,W,0
22.583,11,N,1
22.583,11,S,0
22.583,11,E,0
22.583,11,W,0
22.667,0,N,0
22.667,0,S,0
22.667,0,E,0
22.667,0,W,0
22.667,1,N,0
22.667,1,S,0
22.667,1,E,0
22.667,1,W,0
22.667,2,N,1
22.667,2,S,0
22.667,2,E,0
22.667,2,W,0
22.667,3,N,0
22.667,3,S,0
22.667,3,E,0
22.667,3,W,0
22.667,4,N,0
22.667,4,S,0
22.667,4,E,0
22.667,4,W,0
22.667,5,N,1
22.667,5,S,0
22.667,5,E,0
22.667,5,W,1
22.667,6,N,0
22.667,6,S,1
22.667,6,E,0
22.667,6,W,0
22.667,7,N,0
22.667,7,S,0
22.667,7,E,0
22.667,7,W,0
22.667,8,N,0
22.667,8,S,0
22.667,8,E,0
22.667,8,W,0
22.667,9,N,0
22.667,9,S,0
22.667,9,E,0
22.667,9,W,0
22.667,10,N,0
22.667,10,S,0
22.667,10,E,0
22.667,10,W,0
22.667,11,N,0
22.667,11,S,0
22.667,11,E,0
22.667,11,W,0
22.75,0,N,0
22.75,0,S,0
22.75,0,E,1
22.75,0,W,0
22.75,1,N,0
22.75,1,S,0
22.75,1,E,1
22.75,1,W,0
22.75,2,N,0
22.75,2,S,0
22.75,2,E,0
22.75,2,W,0
22.75,3,N,0
22.75,3,S,0
22.75,3,E,0
22.75,3,W,0
22.75,4,N,0
22.75,4,S,0
22.75,4,E,0
22.75,4,W,0
22.75,5,N,1
22.75,5,S,0
22.75,5,E,0
22.75,5,W,1
22.75,6,N,0
22.75,6,S,0
22.75,6,E,1
22.75,6,W,0
22.75,7,N,0
22.75,7,S,0
22.75,7,E,0
22.75,7,W,0
22.75,8,N,0
22.75,8,S,0
22.75,8,E,0
22.75,8,W,0
22.75,9,N,0
22.75,9,S,0
22.75,9,E,0
22.75,9,W,0
22.75,10,N,0
22.75,10,S,0
22.75,10,E,0
22.75,10,W,0
22.75,11,N,0
22.75,11,S,0
22.75,11,E,0
22.75,11,W,0
22.833,0,N,0
22.833,0,S,0
22.833,0,E,0
22.833,0,W,0
22.833,1,N,0
22.833,1,S,0
22.833,1,E,0
22.833,1,W,0
22.833,2,N,0
22.833,2,S,0
22.833,2,E,0
22.833,2,W,0
22.833,3,N,0
22.833,3,S,0
22.833,3,E,0
22.833,3,W,0
22.833,4,N,0
22.833,4,S,0
22.833,4,E,0
22.833,4,W,0
22.833,5,N,0
22.833,5,S,1
22.833,5,E,0
22.833,5,W,0
22.833,6,N,0
22.833,6,S,0
22.833,6,E,0
22.833,6,W,0
22.833,7,N,1
22.833,7,S,0
22.833,7,E,0
22.833,7,W,0
22.833,8,N,0
22.833,8,S,0
22.833,8,E,0
22.833,8,W,0
22.833,9,N,0
22.833,9,S,0
22.833,9,E,0
22.833,9,W,0
22.833,10,N,1
22.833,10,S,0
22.833,10,E,0
22.833,10,W,1
22.833,11,N,0
22.833,11,S,0
22.833,11,E,0
22.833,11,W,1
22.917,0,N,1
22.917,0,S,0
22.917,0,E,0
22.917,0,W,0
22.917,1,N,0
22.917,1,S,0
22.917,1,E,1
22.917,1,W,0
22.917,2,N,0
22.917,2,S,0
22.917,2,E,0
22.917,2,W,0
22.917,3,N,0
22.917,3,S,0
22.917,3,E,0
22.917,3,W,0
22.917,4,N,0
22.917,4,S,0
22.917,4,E,0
22.917,4,W,1
22.917,5,N,0
22.917,5,S,0
22.917,5,E,1
22.917,5,W,0
22.917,6,N,0
22.917,6,S,0
22.917,6,E,0
22.917,6,W,0
22.917,7,N,0
22.917,7,S,1
22.917,7,E,1
22.917,7,W,0
22.917,8,N,0
22.917,8,S,0
22.917,8,E,0
22.917,8,W,0
22.917,9,N,1
22.917,9,S,0
22.917,9,E,0
22.917,9,W,0
22.917,10,N,0
22.917,10,S,0
22.917,10,E,0
22.917,10,W,0
22.917,11,N,0
22.917,11,S,0
22.917,11,E,0
22.917,11,W,0
23.0,0,N,0
23.0,0,S,0
23.0,0,E,0
23.0,0,W,0
23.0,1,N,0
23.0,1,S,0
23.0,1,E,0
23.0,1,W,0
23.0,2,N,0
23.0,2,S,0
23.0,2,E,0
23.0,2,W,0
23.0,3,N,0
23.0,3,S,0
23.0,3,E,0
23.0,3,W,0
23.0,4,N,0
23.0,4,S,0
23.0,4,E,0
23.0,4,W,0
23.0,5,N,0
23.0,5,S,0
23.0,5,E,0
23.0,5,W,0
23.0,6,N,0
23.0,6,S,0
23.0,6,E,0
23.0,6,W,0
23.0,7,N,0
23.0,7,S,0
23.0,7,E,0
23.0,7,W,0
23.0,8,N,0
23.0,8,S,0
23.0,8,E,0
23.0,8,W,0
23.0,9,N,0
23.0,9,S,0
23.0,9,E,0
23.0,9,W,0
23.0,10,N,0
23.0,10,S,0
23.0,10,E,0
23.0,10,W,0
23.0,11,N,0
23.0,11,S,0
23.0,11,E,0
23.0,11,W,0
23.083,0,N,0
23.083,0,S,0
23.083,0,E,0
23.083,0,W,0
23.083,1,N,0
23.083,1,S,0
23.083,1,E,0
23.083,1,W,0
23.083,2,N,0
23.083,2,S,0
23.083,2,E,0
23.083,2,W,0
23.083,3,N,0
23.083,3,S,0
23.083,3,E,0
23.083,3,W,0
23.083,4,N,0
23.083,4,S,0
23.083,4,E,0
23.083,4,W,0
23.083,5,N,0
23.083,5,S,0
23.083,5,E,0
23.083,5,W,0
23.083,6,N,0
23.083,6,S,0
23.083,6,E,0
23.083,6,W,0
23.083,7,N,0
23.083,7,S,0
23.083,7,E,0
23.083,7,W,0
23.083,8,N,0
23.083,8,S,0
23.083,8,E,0
23.083,8,W,0
23.083,9,N,0
23.083,9,S,1
23.083,9,E,0
23.083,9,W,0
23.083,10,N,0
23.083,10,S,0
23.083,10,E,0
23.083,10,W,0
23.083,11,N,1
23.083,11,S,0
23.083,11,E,1
23.083,11,W,0
23.167,0,N,0
23.167,0,S,0
23.167,0,E,0
23.167,0,W,0
23.167,1,N,0
23.167,1,S,0
23.167,1,E,1
23.167,1,W,0
23.167,2,N,0
23.167,2,S,0
23.167,2,E,0
23.167,2,W,0
23.167,3,N,0
23.167,3,S,0
23.167,3,E,0
23.167,3,W,0
23.167,4,N,0
23.167,4,S,0
23.167,4,E,0
23.167,4,W,0
23.167,5,N,0
23.167,5,S,0
23.167,5,E,0
23.167,5,W,0
23.167,6,N,0
23.167,6,S,1
23.167,6,E,0
23.167,6,W,0
23.167,7,N,0
23.167,7,S,0
23.167,7,E,0
23.167,7,W,0
23.167,8,N,0
23.167,8,S,0
23.167,8,E,0
23.167,8,W,0
23.167,9,N,0
23.167,9,S,0
23.167,9,E,0
23.167,9,W,0
23.167,10,N,0
23.167,10,S,0
23.167,10,E,0
23.167,10,W,0
23.167,11,N,0
23.167,11,S,0
23.167,11,E,0
23.167,11,W,0
23.25,0,N,0
23.25,0,S,0
23.25,0,E,0
23.25,0,W,0
23.25,1,N,0
23.25,1,S,0
23.25,1,E,0
23.25,1,W,0
23.25,2,N,0
23.25,2,S,0
23.25,2,E,0
23.25,2,W,0
23.25,3,N,0
23.25,3,S,0
23.25,3,E,0
23.25,3,W,0
23.25,4,N,0
23.25,4,S,1
23.25,4,E,0
23.25,4,W,0
23.25,5,N,0
23.25,5,S,1
23.25,5,E,1
23.25,5,W,0
23.25,6,N,0
23.25,6,S,1
23.25,6,E,0
23.25,6,W,0
23.25,7,N,0
23.25,7,S,0
23.25,7,E,0
23.25,7,W,0
23.25,8,N,0
23.25,8,S,0
23.25,8,E,0
23.25,8,W,0
23.25,9,N,0
23.25,9,S,0
23.25,9,E,0
23.25,9,W,0
23.25,10,N,0
23.25,10,S,0
23.25,10,E,0
23.25,10,W,0
23.25,11,N,0
23.25,11,S,0
23.25,11,E,1
23.25,11,W,0
23.333,0,N,0
23.333,0,S,0
23.333,0,E,0
23.333,0,W,0
23.333,1,N,0
23.333,1,S,1
23.333,1,E,0
23.333,1,W,0
23.333,2,N,0
23.333,2,S,0
23.333,2,E,1
23.333,2,W,0
23.333,3,N,0
23.333,3,S,0
23.333,3,E,0
23.333,3,W,0
23.333,4,N,0
23.333,4,S,0
23.333,4,E,1
23.333,4,W,0
23.333,5,N,0
23.333,5,S,0
23.333,5,E,0
23.333,5,W,0
23.333,6,N,0
23.333,6,S,0
23.333,6,E,0
23.333,6,W,0
23.333,7,N,1
23.333,7,S,0
23.333,7,E,0
23.333,7,W,0
23.333,8,N,0
23.333,8,S,0
23.333,8,E,0
23.333,8,W,0
23.333,9,N,0
23.333,9,S,0
23.333,9,E,1
23.333,9,W,0
23.333,10,N,0
23.333,10,S,0
23.333,10,E,0
23.333,10,W,0
23.333,11,N,0
23.333,11,S,0
23.333,11,E,0
23.333,11,W,1
23.417,0,N,0
23.417,0,S,0
23.417,0,E,0
23.417,0,W,0
23.417,1,N,0
23.417,1,S,0
23.417,1,E,0
23.417,1,W,0
23.417,2,N,0
23.417,2,S,0
23.417,2,E,0
23.417,2,W,1
23.417,3,N,1
23.417,3,S,0
23.417,3,E,0
23.417,3,W,0
23.417,4,N,0
23.417,4,S,0
23.417,4,E,0
23.417,4,W,0
23.417,5,N,0
23.417,5,S,0
23.417,5,E,0
23.417,5,W,0
23.417,6,N,0
23.417,6,S,0
23.417,6,E,0
23.417,6,W,0
23.417,7,N,0
23.417,7,S,1
23.417,7,E,0
23.417,7,W,0
23.417,8,N,0
23.417,8,S,0
23.417,8,E,0
23.417,8,W,0
23.417,9,N,0
23.417,9,S,0
23.417,9,E,0
23.417,9,W,0
23.417,10,N,0
23.417,10,S,0
23.417,10,E,0
23.417,10,W,0
23.417,11,N,0
23.417,11,S,0
23.417,11,E,0
23.417,11,W,0
23.5,0,N,0
23.5,0,S,0
23.5,0,E,0
23.5,0,W,0
23.5,1,N,0
23.5,1,S,0
23.5,1,E,0
23.5,1,W,0
23.5,2,N,0
23.5,2,S,0
23.5,2,E,0
23.5,2,W,0
23.5,3,N,0
23.5,3,S,0
23.5,3,E,0
23.5,3,W,0
23.5,4,N,0
23.5,4,S,0
23.5,4,E,0
23.5,4,W,0
23.5,5,N,0
23.5,5,S,0
23.5,5,E,0
23.5,5,W,0
23.5,6,N,0
23.5,6,S,0
23.5,6,E,0
23.5,6,W,0
23.5,7,N,0
23.5,7,S,0
23.5,7,E,0
23.5,7,W,1
23.5,8,N,0
23.5,8,S,0
23.5,8,E,0
23.5,8,W,0
23.5,9,N,0
23.5,9,S,0
23.5,9,E,0
23.5,9,W,0
23.5,10,N,0
23.5,10,S,0
23.5,10,E,0
23.5,10,W,0
23.5,11,N,0
23.5,11,S,0
23.5,11,E,0
23.5,11,W,0
23.583,0,N,0
23.583,0,S,0
23.583,0,E,0
23.583,0,W,0
23.583,1,N,0
23.583,1,S,0
23.583,1,E,0
23.583,1,W,0
23.583,2,N,0
23.583,2,S,0
23.583,2,E,0
23.583,2,W,0
23.583,3,N,0
23.583,3,S,0
23.583,3,E,0
23.583,3,W,0
23.583,4,N,0
23.583,4,S,0
23.583,4,E,0
23.583,4,W,0
23.583,5,N,0
23.583,5,S,0
23.583,5,E,0
23.583,5,W,1
23.583,6,N,0
23.583,6,S,0
23.583,6,E,0
23.583,6,W,0
23.583,7,N,0
23.583,7,S,1
23.583,7,E,0
23.583,7,W,0
23.583,8,N,0
23.583,8,S,0
23.583,8,E,0
23.583,8,W,0
23.583,9,N,0
23.583,9,S,0
23.583,9,E,0
23.583,9,W,0
23.583,10,N,0
23.583,10,S,1
23.583,10,E,0
23.583,10,W,0
23.583,11,N,1
23.583,11,S,0
23.583,11,E,0
23.583,11,W,0
23.667,0,N,0
23.667,0,S,0
23.667,0,E,1
23.667,0,W,1
23.667,1,N,0
23.667,1,S,1
23.667,1,E,0
23.667,1,W,0
23.667,2,N,1
23.667,2,S,0
23.667,2,E,0
23.667,2,W,0
23.667,3,N,0
23.667,3,S,0
23.667,3,E,0
23.667,3,W,0
23.667,4,N,0
23.667,4,S,0
23.667,4,E,0
23.667,4,W,0
23.667,5,N,0
23.667,5,S,0
23.667,5,E,0
23.667,5,W,0
23.667,6,N,0
23.667,6,S,0
23.667,6,E,0
23.667,6,W,0
23.667,7,N,0
23.667,7,S,0
23.667,7,E,0
23.667,7,W,0
23.667,8,N,0
23.667,8,S,0
23.667,8,E,0
23.667,8,W,0
23.667,9,N,0
23.667,9,S,0
23.667,9,E,0
23.667,9,W,0
23.667,10,N,0
23.667,10,S,0
23.667,10,E,0
23.667,10,W,0
23.667,11,N,0
23.667,11,S,0
23.667,11,E,0
23.667,11,W,1
23.75,0,N,0
23.75,0,S,0
23.75,0,E,0
23.75,0,W,0
23.75,1,N,0
23.75,1,S,0
23.75,1,E,0
23.75,1,W,0
23.75,2,N,1
23.75,2,S,0
23.75,2,E,1
23.75,2,W,0
23.75,3,N,0
23.75,3,S,0
23.75,3,E,0
23.75,3,W,0
23.75,4,N,0
23.75,4,S,0
23.75,4,E,0
23.75,4,W,0
23.75,5,N,0
23.75,5,S,0
23.75,5,E,0
23.75,5,W,0
23.75,6,N,0
23.75,6,S,0
23.75,6,E,0
23.75,6,W,0
23.75,7,N,0
23.75,7,S,0
23.75,7,E,0
23.75,7,W,0
23.75,8,N,0
23.75,8,S,0
23.75,8,E,0
23.75,8,W,0
23.75,9,N,0
23.75,9,S,0
23.75,9,E,0
23.75,9,W,0
23.75,10,N,1
23.75,10,S,0
23.75,10,E,0
23.75,10,W,0
23.75,11,N,0
23.75,11,S,0
23.75,11,E,0
23.75,11,W,0
23.833,0,N,0
23.833,0,S,0
23.833,0,E,0
23.833,0,W,0
23.833,1,N,0
23.833,1,S,0
23.833,1,E,0
23.833,1,W,0
23.833,2,N,0
23.833,2,S,0
23.833,2,E,0
23.833,2,W,0
23.833,3,N,0
23.833,3,S,0
23.833,3,E,0
23.833,3,W,0
23.833,4,N,0
23.833,4,S,1
23.833,4,E,0
23.833,4,W,1
23.833,5,N,0
23.833,5,S,0
23.833,5,E,0
23.833,5,W,0
23.833,6,N,0
23.833,6,S,0
23.833,6,E,0
23.833,6,W,0
23.833,7,N,0
23.833,7,S,0
23.833,7,E,0
23.833,7,W,0
23.833,8,N,0
23.833,8,S,0
23.833,8,E,0
23.833,8,W,0
23.833,9,N,0
23.833,9,S,0
23.833,9,E,0
23.833,9,W,1
23.833,10,N,0
23.833,10,S,0
23.833,10,E,1
23.833,10,W,0
23.833,11,N,1
23.833,11,S,0
23.833,11,E,0
23.833,11,W,0
23.917,0,N,0
23.917,0,S,0
23.917,0,E,0
23.917,0,W,0
23.917,1,N,0
23.917,1,S,0
23.917,1,E,0
23.917,1,W,0
23.917,2,N,0
23.917,2,S,0
23.917,2,E,0
23.917,2,W,0
23.917,3,N,0
23.917,3,S,0
23.917,3,E,0
23.917,3,W,0
23.917,4,N,1
23.917,4,S,0
23.917,4,E,0
23.917,4,W,0
23.917,5,N,0
23.917,5,S,0
23.917,5,E,0
23.917,5,W,0
23.917,6,N,0
23.917,6,S,0
23.917,6,E,0
23.917,6,W,0
23.917,7,N,0
23.917,7,S,0
23.917,7,E,0
23.917,7,W,0
23.917,8,N,0
23.917,8,S,0
23.917,8,E,1
23.917,8,W,0
23.917,9,N,0
23.917,9,S,0
23.917,9,E,0
23.917,9,W,1
23.917,10,N,0
23.917,10,S,1
23.917,10,E,0
23.917,10,W,0
23.917,11,N,1
23.917,11,S,0
23.917,11,E,0
23.917,11,W,0
